0001,10.03.2019,01,07,11,18,34,RNG2RNG,
0002,11.03.2019,07,10,19,24,32,RNG2RNG,
0003,12.03.2019,11,16,17,29,32,RNG2RNG,
0004,13.03.2019,04,10,16,21,35,RNG2RNG,
0005,14.03.2019,01,05,09,26,32,RNG2RNG,
0006,15.03.2019,09,10,12,25,27,RNG2RNG,
0007,16.03.2019,02,05,16,18,19,RNG2RNG,
0008,17.03.2019,05,09,15,21,36,RNG2RNG,
0009,18.03.2019,01,18,29,33,36,RNG2RNG,
0010,19.03.2019,07,09,11,19,26,RNG2RNG,
0011,20.03.2019,02,16,19,29,33,RNG2RNG,
0012,21.03.2019,02,07,10,14,23,RNG2RNG,
0013,22.03.2019,09,12,17,33,35,RNG2RNG,
0014,23.03.2019,03,07,10,13,17,RNG2RNG,
0015,24.03.2019,01,21,24,28,29,RNG2RNG,
0016,25.03.2019,10,11,12,19,23,RNG2RNG,
0017,26.03.2019,02,09,13,30,32,RNG2RNG,
0018,27.03.2019,04,05,10,12,25,RNG2RNG,
0019,28.03.2019,07,20,30,31,34,RNG2RNG,
0020,29.03.2019,01,05,06,27,31,RNG2RNG,
0021,30.03.2019,16,17,24,25,30,RNG2RNG,
0022,31.03.2019,01,15,23,32,34,RNG2RNG,
0023,01.04.2019,03,10,23,25,36,RNG2RNG,
0024,02.04.2019,05,21,22,26,32,RNG2RNG,
0025,03.04.2019,08,14,16,33,34,RNG2RNG,
0026,04.04.2019,01,03,10,16,36,RNG2RNG,
0027,05.04.2019,36,35,27,15,13,RNG2RNG,
0028,06.04.2019,17,24,36,25,04,RNG2RNG,
0029,07.04.2019,20,35,23,06,34,RNG2RNG,
0030,08.04.2019,15,13,11,19,31,RNG2RNG,
0031,09.04.2019,16,31,06,24,30,RNG2RNG,
0032,10.04.2019,24,05,10,15,29,RNG2RNG,
0033,11.04.2019,01,29,14,19,07,RNG2RNG,
0034,12.04.2019,04,08,19,36,34,RNG2RNG,
0035,13.04.2019,30,05,34,33,18,RNG2RNG,
0036,14.04.2019,03,26,24,17,23,RNG2RNG,
0037,15.04.2019,19,05,28,33,04,RNG2RNG,
0038,16.04.2019,17,02,27,07,24,RNG2RNG,
0039,17.04.2019,32,27,08,34,23,RNG2RNG,
0040,18.04.2019,10,22,12,14,20,RNG2RNG,
0041,19.04.2019,19,03,05,15,24,RNG2RNG,
0042,20.04.2019,36,03,24,30,06,RNG2RNG,
0043,21.04.2019,09,29,07,02,01,RNG2RNG,
0044,22.04.2019,20,09,16,21,30,RNG2RNG,
0045,23.04.2019,02,35,36,11,08,RNG2RNG,
0046,24.04.2019,19,24,12,18,08,RNG2RNG,
0047,25.04.2019,28,19,04,14,33,RNG2RNG,
0048,26.04.2019,33,28,23,01,34,RNG2RNG,
0049,27.04.2019,21,29,18,28,13,RNG2RNG,
0050,28.04.2019,18,26,30,34,32,RNG2RNG,
0051,29.04.2019,05,15,36,16,25,RNG2RNG,
0052,30.04.2019,05,28,25,20,03,RNG2RNG,
0053,01.05.2019,04,33,29,02,06,RNG2RNG,
0054,02.05.2019,16,14,24,08,05,RNG2RNG,
0055,03.05.2019,08,35,24,27,05,RNG2RNG,
0056,04.05.2019,26,17,11,15,25,RNG2RNG,
0057,05.05.2019,29,34,05,32,26,RNG2RNG,
0058,06.05.2019,29,32,25,16,14,RNG2RNG,
0059,07.05.2019,22,25,03,11,12,RNG2RNG,
0060,08.05.2019,06,22,21,07,15,RNG2RNG,
0061,09.05.2019,19,34,13,18,08,RNG2RNG,
0062,10.05.2019,19,05,09,26,31,RNG2RNG,
0063,11.05.2019,36,07,06,28,11,RNG2RNG,
0064,12.05.2019,36,33,06,01,17,RNG2RNG,
0065,13.05.2019,08,16,28,24,32,RNG2RNG,
0066,14.05.2019,06,20,22,04,25,RNG2RNG,
0067,15.05.2019,07,06,32,17,13,RNG2RNG,
0068,16.05.2019,34,18,33,14,05,RNG2RNG,
0069,17.05.2019,26,20,10,29,15,RNG2RNG,
0070,18.05.2019,21,33,31,07,15,RNG2RNG,
0071,19.05.2019,12,33,21,01,34,RNG2RNG,
0072,20.05.2019,22,28,31,25,11,RNG2RNG,
0073,21.05.2019,26,34,02,12,28,RNG2RNG,
0074,22.05.2019,25,14,15,11,06,RNG2RNG,
0075,23.05.2019,01,17,36,29,16,RNG2RNG,
0076,24.05.2019,31,11,20,02,09,RNG2RNG,
0077,25.05.2019,06,10,34,21,31,RNG2RNG,
0078,26.05.2019,15,30,09,27,16,RNG2RNG,
0079,27.05.2019,05,17,21,19,02,RNG2RNG,
0080,28.05.2019,13,15,14,09,25,RNG2RNG,
0081,29.05.2019,19,28,20,32,33,RNG2RNG,
0082,30.05.2019,11,23,05,06,30,RNG2RNG,
0083,31.05.2019,35,25,02,04,36,RNG2RNG,
0084,01.06.2019,26,14,12,34,19,RNG2RNG,
0085,02.06.2019,24,03,25,18,16,RNG2RNG,
0086,03.06.2019,06,03,22,10,23,RNG2RNG,
0087,04.06.2019,16,35,33,29,22,RNG2RNG,
0088,05.06.2019,20,06,28,36,09,RNG2RNG,
0089,06.06.2019,36,15,17,35,30,RNG2RNG,
0090,07.06.2019,06,15,24,28,23,RNG2RNG,
0091,08.06.2019,28,36,18,05,31,RNG2RNG,
0092,09.06.2019,34,32,35,13,22,RNG2RNG,
0093,10.06.2019,22,25,07,35,28,RNG2RNG,
0094,11.06.2019,13,04,30,14,18,RNG2RNG,
0095,12.06.2019,33,20,34,17,06,RNG2RNG,
0096,13.06.2019,34,27,03,18,19,RNG2RNG,
0097,14.06.2019,32,01,02,18,04,RNG2RNG,
0098,15.06.2019,28,33,15,21,13,RNG2RNG,
0099,16.06.2019,08,33,20,29,14,RNG2RNG,
0100,17.06.2019,17,09,08,20,28,RNG2RNG,
0101,18.06.2019,03,25,10,12,32,RNG2RNG,
0102,19.06.2019,30,08,17,04,18,RNG2RNG,
0103,20.06.2019,28,19,23,33,26,RNG2RNG,
0104,21.06.2019,27,26,14,07,35,RNG2RNG,
0105,22.06.2019,25,35,33,11,02,RNG2RNG,
0106,23.06.2019,15,07,14,24,23,RNG2RNG,
0107,24.06.2019,04,19,30,07,23,RNG2RNG,
0108,25.06.2019,18,01,04,03,16,RNG2RNG,
0109,26.06.2019,26,33,15,36,32,RNG2RNG,
0110,27.06.2019,06,31,04,25,36,RNG2RNG,
0111,28.06.2019,09,10,21,08,36,RNG2RNG,
0112,29.06.2019,05,27,15,01,09,RNG2RNG,
0113,30.06.2019,27,04,17,10,21,RNG2RNG,
0114,01.07.2019,13,33,02,26,10,RNG2RNG,
0115,02.07.2019,13,14,08,28,35,RNG2RNG,
0116,03.07.2019,24,09,07,01,26,RNG2RNG,
0117,04.07.2019,01,05,03,35,18,RNG2RNG,
0118,05.07.2019,27,02,24,33,20,RNG2RNG,
0119,06.07.2019,24,02,16,11,12,RNG2RNG,
0120,07.07.2019,02,06,13,25,09,RNG2RNG,
0121,08.07.2019,13,04,31,20,08,RNG2RNG,
0122,09.07.2019,22,15,27,31,24,RNG2RNG,
0123,10.07.2019,23,09,27,07,26,RNG2RNG,
0124,11.07.2019,25,10,03,36,35,RNG2RNG,
0125,12.07.2019,21,24,08,06,19,RNG2RNG,
0126,13.07.2019,03,09,32,31,02,RNG2RNG,
0127,14.07.2019,33,26,11,23,27,RNG2RNG,
0128,15.07.2019,22,20,16,30,08,RNG2RNG,
0129,16.07.2019,18,26,08,25,11,RNG2RNG,
0130,17.07.2019,35,19,29,04,32,RNG2RNG,
0131,18.07.2019,29,04,20,28,36,RNG2RNG,
0132,19.07.2019,10,28,31,11,06,RNG2RNG,
0133,20.07.2019,09,13,22,35,31,RNG2RNG,
0134,21.07.2019,20,09,29,35,14,RNG2RNG,
0135,22.07.2019,06,24,28,09,15,RNG2RNG,
0136,23.07.2019,02,34,17,06,26,RNG2RNG,
0137,24.07.2019,28,18,05,29,14,RNG2RNG,
0138,25.07.2019,16,05,02,21,13,RNG2RNG,
0139,26.07.2019,19,36,13,27,35,RNG2RNG,
0140,27.07.2019,31,18,03,35,19,RNG2RNG,
0141,28.07.2019,03,02,12,35,10,RNG2RNG,
0142,29.07.2019,33,17,15,14,06,RNG2RNG,
0143,30.07.2019,01,12,07,25,13,RNG2RNG,
0144,31.07.2019,13,11,05,19,35,RNG2RNG,
0145,01.08.2019,33,12,36,21,25,RNG2RNG,
0146,02.08.2019,15,32,29,03,21,RNG2RNG,
0147,03.08.2019,13,34,27,14,29,RNG2RNG,
0148,04.08.2019,03,35,30,08,21,RNG2RNG,
0149,05.08.2019,36,15,23,10,20,RNG2RNG,
0150,06.08.2019,15,28,24,10,13,RNG2RNG,
0151,07.08.2019,07,26,16,09,15,RNG2RNG,
0152,08.08.2019,21,29,06,07,03,RNG2RNG,
0153,09.08.2019,14,16,15,27,17,RNG2RNG,
0154,10.08.2019,28,13,03,32,22,RNG2RNG,
0155,11.08.2019,26,05,14,20,34,RNG2RNG,
0156,12.08.2019,17,15,30,23,06,RNG2RNG,
0157,13.08.2019,12,33,02,28,26,RNG2RNG,
0158,14.08.2019,21,28,18,31,07,RNG2RNG,
0159,15.08.2019,32,36,23,09,02,RNG2RNG,
0160,16.08.2019,34,04,21,19,24,RNG2RNG,
0161,17.08.2019,05,02,16,08,26,RNG2RNG,
0162,18.08.2019,15,29,06,16,02,RNG2RNG,
0163,19.08.2019,11,02,20,09,18,RNG2RNG,
0164,20.08.2019,35,01,02,31,22,RNG2RNG,
0165,21.08.2019,26,13,32,21,06,RNG2RNG,
0166,22.08.2019,23,07,18,32,29,RNG2RNG,
0167,23.08.2019,29,23,20,07,35,RNG2RNG,
0168,24.08.2019,26,27,23,16,33,RNG2RNG,
0169,25.08.2019,12,17,18,15,16,RNG2RNG,
0170,26.08.2019,17,28,29,27,36,RNG2RNG,
0171,27.08.2019,12,29,02,27,05,RNG2RNG,
0172,28.08.2019,31,26,14,20,22,RNG2RNG,
0173,29.08.2019,13,09,02,34,05,RNG2RNG,
0174,30.08.2019,17,24,26,36,33,RNG2RNG,
0175,31.08.2019,29,08,06,22,13,RNG2RNG,
0176,01.09.2019,29,02,03,16,36,RNG2RNG,
0177,02.09.2019,24,33,14,26,17,RNG2RNG,
0178,03.09.2019,30,01,18,10,04,RNG2RNG,
0179,04.09.2019,24,05,20,36,23,RNG2RNG,
0180,05.09.2019,12,22,09,29,01,RNG2RNG,
0181,06.09.2019,10,06,27,25,26,RNG2RNG,
0182,07.09.2019,14,04,29,02,25,RNG2RNG,
0183,08.09.2019,12,10,19,27,15,RNG2RNG,
0184,09.09.2019,03,19,23,12,10,RNG2RNG,
0185,10.09.2019,03,01,11,33,15,RNG2RNG,
0186,11.09.2019,01,32,16,21,26,RNG2RNG,
0187,12.09.2019,24,20,06,04,29,RNG2RNG,
0188,13.09.2019,05,25,30,33,29,RNG2RNG,
0189,14.09.2019,08,11,15,35,14,RNG2RNG,
0190,15.09.2019,27,02,03,09,12,RNG2RNG,
0191,16.09.2019,12,23,21,11,27,RNG2RNG,
0192,17.09.2019,20,12,34,36,27,RNG2RNG,
0193,18.09.2019,12,15,25,23,10,RNG2RNG,
0194,19.09.2019,10,15,12,23,16,RNG2RNG,
0195,20.09.2019,23,07,31,34,26,RNG2RNG,
0196,21.09.2019,23,17,28,14,29,RNG2RNG,
0197,22.09.2019,25,14,27,10,02,RNG2RNG,
0198,23.09.2019,30,29,20,21,02,RNG2RNG,
0199,24.09.2019,31,27,35,34,10,RNG2RNG,
0200,25.09.2019,04,28,13,23,12,RNG2RNG,
0201,26.09.2019,14,11,03,24,27,RNG2RNG,
0202,27.09.2019,28,33,19,22,21,RNG2RNG,
0203,28.09.2019,33,08,28,09,31,RNG2RNG,
0204,29.09.2019,12,06,19,31,13,RNG2RNG,
0205,30.09.2019,18,04,25,03,08,RNG2RNG,
0206,01.10.2019,34,11,27,17,28,RNG2RNG,
0207,02.10.2019,26,32,17,33,02,RNG2RNG,
0208,03.10.2019,21,23,06,13,07,RNG2RNG,
0209,04.10.2019,01,09,03,26,32,RNG2RNG,
0210,05.10.2019,33,03,06,24,09,RNG2RNG,
0211,06.10.2019,12,08,10,02,27,RNG2RNG,
0212,07.10.2019,24,25,21,36,22,RNG2RNG,
0213,08.10.2019,24,13,31,15,27,RNG2RNG,
0214,09.10.2019,13,29,32,20,35,RNG2RNG,
0215,10.10.2019,05,36,28,22,06,RNG2RNG,
0216,11.10.2019,14,22,11,10,24,RNG2RNG,
0217,12.10.2019,28,18,17,36,01,RNG2RNG,
0218,13.10.2019,25,08,07,05,27,RNG2RNG,
0219,14.10.2019,06,11,19,22,31,RNG2RNG,
0220,15.10.2019,27,09,18,25,15,RNG2RNG,
0221,16.10.2019,22,09,17,25,02,RNG2RNG,
0222,17.10.2019,04,25,31,18,20,RNG2RNG,
0223,18.10.2019,13,18,36,15,02,RNG2RNG,
0224,19.10.2019,08,16,26,11,30,RNG2RNG,
0225,20.10.2019,19,16,34,06,17,RNG2RNG,
0226,21.10.2019,29,19,27,34,28,RNG2RNG,
0227,22.10.2019,23,02,32,08,18,RNG2RNG,
0228,23.10.2019,21,04,17,29,30,RNG2RNG,
0229,24.10.2019,35,03,10,32,01,RNG2RNG,
0230,25.10.2019,31,10,19,16,29,RNG2RNG,
0231,26.10.2019,09,33,22,02,36,RNG2RNG,
0232,27.10.2019,07,05,09,28,06,RNG2RNG,
0233,28.10.2019,36,18,28,34,23,RNG2RNG,
0234,29.10.2019,09,05,06,02,07,RNG2RNG,
0235,30.10.2019,18,30,24,32,21,RNG2RNG,
0236,31.10.2019,12,36,21,17,15,RNG2RNG,
0237,01.11.2019,09,30,06,22,15,RNG2RNG,
0238,02.11.2019,12,02,20,24,31,RNG2RNG,
0239,03.11.2019,06,21,28,24,36,RNG2RNG,
0240,04.11.2019,34,08,06,21,33,RNG2RNG,
0241,05.11.2019,13,25,35,05,09,RNG2RNG,
0242,06.11.2019,02,28,20,16,22,RNG2RNG,
0243,07.11.2019,03,05,30,32,19,RNG2RNG,
0244,08.11.2019,13,23,32,33,30,RNG2RNG,
0245,09.11.2019,02,36,07,01,32,RNG2RNG,
0246,10.11.2019,20,32,23,34,10,RNG2RNG,
0247,11.11.2019,13,31,34,09,26,RNG2RNG,
0248,12.11.2019,30,14,02,09,07,RNG2RNG,
0249,13.11.2019,13,23,17,07,25,RNG2RNG,
0250,14.11.2019,21,26,15,08,12,RNG2RNG,
0251,15.11.2019,31,05,07,26,16,RNG2RNG,
0252,16.11.2019,02,09,01,31,19,RNG2RNG,
0253,17.11.2019,16,18,23,33,06,RNG2RNG,
0254,18.11.2019,14,20,24,36,07,RNG2RNG,
0255,19.11.2019,21,23,27,34,25,RNG2RNG,
0256,20.11.2019,04,30,19,24,08,RNG2RNG,
0257,21.11.2019,04,23,11,12,21,RNG2RNG,
0258,22.11.2019,22,19,32,15,06,RNG2RNG,
0259,23.11.2019,22,11,27,29,31,RNG2RNG,
0260,24.11.2019,06,19,34,12,27,RNG2RNG,
0261,25.11.2019,19,08,04,34,18,RNG2RNG,
0262,26.11.2019,07,26,02,35,15,RNG2RNG,
0263,27.11.2019,34,35,25,36,09,RNG2RNG,
0264,28.11.2019,17,12,28,34,04,RNG2RNG,
0265,29.11.2019,28,22,33,23,36,RNG2RNG,
0266,30.11.2019,34,22,16,29,26,RNG2RNG,
0267,01.12.2019,14,26,04,30,03,RNG2RNG,
0268,02.12.2019,30,01,31,21,36,RNG2RNG,
0269,03.12.2019,04,33,25,22,08,RNG2RNG,
0270,04.12.2019,09,06,03,10,11,RNG2RNG,
0271,05.12.2019,33,01,36,21,16,RNG2RNG,
0272,06.12.2019,21,29,30,02,36,RNG3RNG,
0273,07.12.2019,22,28,35,09,08,RNG2RNG,
0274,08.12.2019,08,06,22,09,36,RNG2RNG,
0275,09.12.2019,14,22,25,27,04,RNG2RNG,
0276,10.12.2019,19,33,05,07,31,RNG2RNG,
0277,11.12.2019,11,09,15,23,05,RNG2RNG,
0278,12.12.2019,20,27,31,11,36,RNG2RNG,
0279,13.12.2019,36,06,24,21,09,RNG2RNG,
0280,14.12.2019,05,06,07,34,22,RNG2RNG,
0281,15.12.2019,19,30,20,35,04,RNG2RNG,
0282,16.12.2019,22,10,20,27,08,RNG2RNG,
0283,17.12.2019,16,05,25,20,12,RNG2RNG,
0284,18.12.2019,05,11,32,35,21,RNG2RNG,
0285,19.12.2019,01,09,05,23,15,RNG2RNG,
0286,20.12.2019,21,07,03,20,35,RNG2RNG,
0287,21.12.2019,31,34,17,03,24,RNG2RNG,
0288,22.12.2019,02,13,22,35,12,RNG2RNG,
0289,23.12.2019,21,36,11,05,19,RNG2RNG,
0290,24.12.2019,22,11,25,16,08,RNG2RNG,
0291,26.12.2019,23,36,06,25,12,RNG2RNG,
0292,27.12.2019,16,35,04,27,13,RNG2RNG,
0293,28.12.2019,30,31,29,23,32,RNG2RNG,
0294,29.12.2019,16,04,34,12,36,RNG2RNG,
0295,30.12.2019,07,13,17,30,14,RNG2RNG,
0296,31.12.2019,29,02,26,04,05,RNG2RNG,
0297,01.01.2020,17,22,29,21,14,RNG2RNG,
0298,02.01.2020,16,24,06,01,34,RNG2RNG,
0299,03.01.2020,09,26,18,30,14,RNG2RNG,
0300,04.01.2020,14,24,28,04,30,RNG2RNG,
0301,05.01.2020,23,21,34,18,05,RNG2RNG,
0302,06.01.2020,14,28,26,25,08,RNG2RNG,
0303,07.01.2020,03,35,02,24,26,RNG2RNG,
0304,08.01.2020,20,06,09,08,11,RNG2RNG,
0305,09.01.2020,11,27,08,16,24,RNG2RNG,
0306,10.01.2020,35,12,27,11,01,RNG2RNG,
0307,11.01.2020,21,36,06,07,25,RNG2RNG,
0308,12.01.2020,35,22,33,29,26,RNG2RNG,
0309,13.01.2020,17,10,03,01,21,RNG2RNG,
0310,14.01.2020,07,19,11,28,32,RNG2RNG,
0311,15.01.2020,08,22,11,06,12,RNG2RNG,
0312,16.01.2020,12,31,36,35,17,RNG2RNG,
0313,17.01.2020,24,09,34,31,10,RNG2RNG,
0314,18.01.2020,17,10,01,16,09,RNG2RNG,
0315,19.01.2020,10,13,02,09,25,RNG2RNG,
0316,20.01.2020,33,05,34,08,16,RNG2RNG,
0317,21.01.2020,30,05,25,21,32,RNG2RNG,
0318,22.01.2020,14,25,06,04,07,RNG2RNG,
0319,23.01.2020,30,06,24,18,28,RNG2RNG,
0320,24.01.2020,31,01,11,24,16,RNG2RNG,
0321,25.01.2020,15,07,05,03,10,RNG2RNG,
0322,26.01.2020,17,06,29,12,03,RNG2RNG,
0323,27.01.2020,36,32,19,07,12,RNG2RNG,
0324,28.01.2020,30,12,06,22,34,RNG2RNG,
0325,29.01.2020,35,32,05,03,21,RNG2RNG,
0326,30.01.2020,06,35,02,32,29,RNG2RNG,
0327,31.01.2020,07,36,14,09,15,RNG2RNG,
0328,01.02.2020,23,05,12,04,07,RNG2RNG,
0329,02.02.2020,08,35,29,14,04,RNG2RNG,
0330,03.02.2020,06,05,12,36,28,RNG2RNG,
0331,04.02.2020,25,01,04,20,14,RNG2RNG,
0332,05.02.2020,25,24,27,34,07,RNG2RNG,
0333,06.02.2020,04,09,02,06,12,RNG2RNG,
0334,07.02.2020,13,34,06,27,36,RNG2RNG,
0335,08.02.2020,35,05,15,36,01,RNG2RNG,
0336,09.02.2020,29,24,18,11,09,RNG2RNG,
0337,10.02.2020,04,22,25,14,27,RNG2RNG,
0338,11.02.2020,26,28,13,12,15,RNG2RNG,
0339,12.02.2020,03,08,30,12,23,RNG2RNG,
0340,13.02.2020,06,10,16,05,22,RNG2RNG,
0341,14.02.2020,13,04,14,06,29,RNG2RNG,
0342,15.02.2020,20,30,01,24,22,RNG2RNG,
0343,16.02.2020,25,33,29,02,32,RNG2RNG,
0344,17.02.2020,05,32,22,21,19,RNG2RNG,
0345,18.02.2020,07,08,23,32,30,RNG2RNG,
0346,19.02.2020,06,14,26,04,29,RNG2RNG,
0347,20.02.2020,33,03,12,27,05,RNG2RNG,
0348,21.02.2020,29,10,15,25,12,RNG2RNG,
0349,22.02.2020,18,05,27,34,20,RNG2RNG,
0350,23.02.2020,04,27,05,11,12,RNG2RNG,
0351,24.02.2020,14,29,33,31,09,RNG2RNG,
0352,25.02.2020,10,19,13,05,08,RNG2RNG,
0353,26.02.2020,33,21,29,11,32,RNG2RNG,
0354,27.02.2020,25,26,05,03,19,RNG2RNG,
0355,28.02.2020,31,35,10,30,29,RNG2RNG,
0356,29.02.2020,16,28,20,07,35,RNG2RNG,
0357,01.03.2020,10,08,15,02,23,RNG2RNG,
0358,02.03.2020,14,13,34,04,20,RNG2RNG,
0359,03.03.2020,33,16,18,10,04,RNG2RNG,
0360,04.03.2020,28,12,36,34,09,RNG2RNG,
0361,05.03.2020,21,20,19,34,33,RNG2RNG,
0362,06.03.2020,10,04,29,05,22,RNG2RNG,
0363,07.03.2020,30,16,03,15,21,RNG2RNG,
0364,08.03.2020,09,15,28,32,34,RNG2RNG,
0365,09.03.2020,16,36,10,14,31,RNG2RNG,
0366,10.03.2020,17,11,13,20,02,RNG2RNG,
0367,11.03.2020,02,24,08,10,34,RNG2RNG,
0368,12.03.2020,12,02,32,18,36,RNG2RNG,
0369,13.03.2020,03,35,12,20,13,RNG2RNG,
0370,14.03.2020,33,29,20,16,32,RNG2RNG,
0371,15.03.2020,01,34,13,12,36,RNG2RNG,
0372,16.03.2020,14,22,01,05,03,RNG2RNG,
0373,17.03.2020,15,02,10,20,16,RNG2RNG,
0374,18.03.2020,03,06,05,11,36,RNG2RNG,
0375,19.03.2020,14,33,02,32,16,RNG2RNG,
0376,20.03.2020,03,18,22,09,19,RNG2RNG,
0377,21.03.2020,11,31,05,36,15,RNG2RNG,
0378,22.03.2020,20,30,02,05,23,RNG2RNG,
0379,23.03.2020,11,24,19,35,07,RNG2RNG,
0380,24.03.2020,09,34,13,31,22,RNG2RNG,
0381,25.03.2020,07,15,02,22,10,RNG2RNG,
0382,26.03.2020,22,36,31,32,24,RNG2RNG,
0383,27.03.2020,07,27,15,33,21,RNG2RNG,
0384,28.03.2020,32,04,25,10,14,RNG2RNG,
0385,29.03.2020,13,04,25,06,26,RNG2RNG,
0386,30.03.2020,27,16,14,30,06,RNG2RNG,
0387,31.03.2020,35,21,07,20,02,RNG2RNG,
0388,01.04.2020,20,05,32,08,11,RNG2RNG,
0389,02.04.2020,14,10,15,11,29,RNG2RNG,
0390,03.04.2020,25,31,12,02,24,RNG2RNG,
0391,04.04.2020,01,02,26,33,19,RNG2RNG,
0392,05.04.2020,11,36,20,29,06,RNG2RNG,
0393,06.04.2020,22,33,35,08,26,RNG2RNG,
0394,07.04.2020,11,24,12,23,07,RNG2RNG,
0395,08.04.2020,17,02,09,20,32,RNG2RNG,
0396,09.04.2020,32,10,36,21,34,RNG2RNG,
0397,10.04.2020,29,14,27,16,05,RNG2RNG,
0398,11.04.2020,05,11,14,21,29,RNG2RNG,
0399,12.04.2020,25,29,10,05,01,RNG2RNG,
0400,13.04.2020,33,27,31,24,23,RNG2RNG,
0401,14.04.2020,25,19,36,01,14,RNG2RNG,
0402,15.04.2020,15,03,26,23,36,RNG2RNG,
0403,16.04.2020,19,15,31,18,21,RNG2RNG,
0404,17.04.2020,06,29,30,31,01,RNG2RNG,
0405,18.04.2020,04,02,15,08,22,RNG2RNG,
0406,19.04.2020,17,10,30,07,14,RNG2RNG,
0407,20.04.2020,23,27,36,10,04,RNG2RNG,
0408,21.04.2020,19,22,25,07,05,RNG2RNG,
0409,22.04.2020,22,23,28,08,03,RNG2RNG,
0410,23.04.2020,01,22,14,17,07,RNG2RNG,
0411,24.04.2020,28,26,20,13,01,RNG2RNG,
0412,25.04.2020,29,31,12,09,34,RNG2RNG,
0413,26.04.2020,36,30,09,05,29,RNG2RNG,
0414,27.04.2020,09,13,14,11,19,RNG2RNG,
0415,28.04.2020,01,22,17,03,21,RNG2RNG,
0416,29.04.2020,01,16,29,19,20,RNG2RNG,
0417,30.04.2020,04,06,33,35,15,RNG2RNG,
0418,01.05.2020,19,12,01,18,24,RNG2RNG,
0419,02.05.2020,21,31,17,26,04,RNG2RNG,
0420,03.05.2020,18,24,26,12,22,RNG2RNG,
0421,04.05.2020,25,33,26,10,07,RNG2RNG,
0422,05.05.2020,03,26,06,21,29,RNG2RNG,
0423,06.05.2020,12,28,36,34,35,RNG2RNG,
0424,07.05.2020,12,34,24,09,25,RNG2RNG,
0425,08.05.2020,35,34,20,28,25,RNG2RNG,
0426,09.05.2020,19,14,21,15,32,RNG2RNG,
0427,10.05.2020,07,03,22,35,10,RNG2RNG,
0428,11.05.2020,31,28,30,12,13,RNG2RNG,
0429,12.05.2020,05,18,20,15,31,RNG2RNG,
0430,13.05.2020,06,31,27,15,18,RNG2RNG,
0431,14.05.2020,12,22,02,28,11,RNG2RNG,
0432,15.05.2020,14,29,12,03,16,RNG2RNG,
0433,16.05.2020,07,14,22,32,16,RNG2RNG,
0434,17.05.2020,14,03,17,24,13,RNG2RNG,
0435,18.05.2020,30,19,18,07,16,RNG2RNG,
0436,19.05.2020,25,19,31,24,27,RNG2RNG,
0437,20.05.2020,24,28,26,16,33,RNG2RNG,
0438,21.05.2020,25,15,08,13,21,RNG2RNG,
0439,22.05.2020,15,27,33,31,02,RNG2RNG,
0440,23.05.2020,09,12,03,13,31,RNG2RNG,
0441,24.05.2020,23,19,20,21,11,RNG2RNG,
0442,25.05.2020,36,27,25,15,34,RNG2RNG,
0443,26.05.2020,17,05,25,14,12,RNG2RNG,
0444,27.05.2020,36,22,19,01,34,RNG2RNG,
0445,28.05.2020,09,20,26,25,12,RNG2RNG,
0446,29.05.2020,09,34,20,15,13,RNG2RNG,
0447,30.05.2020,12,23,20,05,14,RNG2RNG,
0448,31.05.2020,34,27,23,12,25,RNG2RNG,
0449,01.06.2020,14,15,22,08,36,RNG2RNG,
0450,02.06.2020,07,34,23,08,36,RNG2RNG,
0451,03.06.2020,21,26,24,25,13,RNG2RNG,
0452,04.06.2020,13,04,33,22,25,RNG2RNG,
0453,05.06.2020,05,09,01,34,27,RNG2RNG,
0454,06.06.2020,08,06,03,05,23,RNG2RNG,
0455,07.06.2020,23,22,17,28,33,RNG2RNG,
0456,08.06.2020,02,31,32,28,15,RNG2RNG,
0457,09.06.2020,01,31,23,36,35,RNG2RNG,
0458,10.06.2020,22,12,02,09,05,RNG2RNG,
0459,11.06.2020,01,36,29,30,18,RNG2RNG,
0460,12.06.2020,03,26,05,35,25,RNG2RNG,
0461,13.06.2020,08,26,03,19,22,RNG2RNG,
0462,14.06.2020,02,33,30,07,12,RNG2RNG,
0463,15.06.2020,18,30,21,29,28,RNG2RNG,
0464,16.06.2020,18,04,09,22,32,RNG2RNG,
0465,17.06.2020,18,15,25,14,30,RNG2RNG,
0466,18.06.2020,19,22,12,14,30,RNG2RNG,
0467,19.06.2020,28,24,14,09,36,RNG2RNG,
0468,20.06.2020,07,25,05,02,08,RNG2RNG,
0469,21.06.2020,35,12,36,28,33,RNG2RNG,
0470,22.06.2020,20,33,34,06,12,RNG2RNG,
0471,23.06.2020,31,14,04,27,15,RNG2RNG,
0472,24.06.2020,26,25,27,31,18,RNG2RNG,
0473,25.06.2020,29,05,25,09,33,RNG2RNG,
0474,26.06.2020,15,01,13,09,23,RNG2RNG,
0475,27.06.2020,34,29,13,24,35,RNG2RNG,
0476,28.06.2020,13,22,27,23,01,RNG2RNG,
0477,29.06.2020,29,04,08,31,35,RNG2RNG,
0478,30.06.2020,22,10,30,21,28,RNG2RNG,
0479,01.07.2020,05,35,33,24,36,RNG2RNG,
0480,02.07.2020,25,10,27,29,17,RNG2RNG,
0481,03.07.2020,34,07,17,11,33,RNG2RNG,
0482,04.07.2020,34,04,30,25,35,RNG2RNG,
0483,05.07.2020,23,16,02,28,21,RNG2RNG,
0484,06.07.2020,26,12,01,08,09,RNG2RNG,
0485,07.07.2020,25,31,01,30,35,RNG2RNG,
0486,08.07.2020,17,02,10,35,33,RNG2RNG,
0487,09.07.2020,01,33,25,05,10,RNG2RNG,
0488,10.07.2020,13,33,29,22,36,RNG2RNG,
0489,11.07.2020,20,15,32,14,24,RNG2RNG,
0490,12.07.2020,29,18,12,14,04,RNG2RNG,
0491,13.07.2020,27,23,01,32,21,RNG2RNG,
0492,14.07.2020,10,32,28,07,09,RNG2RNG,
0493,15.07.2020,28,10,03,18,20,RNG2RNG,
0494,16.07.2020,01,14,13,36,35,RNG2RNG,
0495,17.07.2020,25,31,12,10,32,RNG2RNG,
0496,18.07.2020,02,35,26,09,01,RNG2RNG,
0497,19.07.2020,11,12,27,18,29,RNG2RNG,
0498,20.07.2020,20,01,23,11,14,RNG2RNG,
0499,21.07.2020,01,34,07,29,24,RNG2RNG,
0500,22.07.2020,05,26,22,01,16,RNG2RNG,
0501,23.07.2020,29,16,30,25,27,RNG2RNG,
0502,24.07.2020,03,11,34,20,22,RNG2RNG,
0503,25.07.2020,07,31,06,01,15,RNG2RNG,
0504,26.07.2020,36,09,25,35,32,RNG2RNG,
0505,27.07.2020,35,23,26,14,19,RNG2RNG,
0506,28.07.2020,31,29,36,10,24,RNG2RNG,
0507,29.07.2020,33,08,06,10,30,RNG2RNG,
0508,30.07.2020,05,12,01,14,34,RNG2RNG,
0509,31.07.2020,08,11,18,02,17,RNG2RNG,
0510,01.08.2020,21,18,06,33,04,RNG2RNG,
0511,02.08.2020,13,04,11,27,05,RNG2RNG,
0512,03.08.2020,33,14,15,16,08,RNG2RNG,
0513,04.08.2020,11,26,06,09,35,RNG2RNG,
0514,05.08.2020,11,08,03,12,26,RNG2RNG,
0515,06.08.2020,06,30,25,17,31,RNG2RNG,
0516,07.08.2020,34,13,22,31,12,RNG2RNG,
0517,08.08.2020,31,34,30,36,32,RNG2RNG,
0518,09.08.2020,06,10,01,05,21,RNG2RNG,
0519,10.08.2020,04,29,32,33,20,RNG2RNG,
0520,11.08.2020,04,22,13,20,30,RNG2RNG,
0521,12.08.2020,02,04,18,01,30,RNG2RNG,
0522,13.08.2020,29,06,13,31,01,RNG2RNG,
0523,14.08.2020,12,19,01,29,10,RNG2RNG,
0524,15.08.2020,10,34,21,24,16,RNG2RNG,
0525,16.08.2020,27,09,34,28,25,RNG2RNG,
0526,17.08.2020,13,15,14,24,31,RNG2RNG,
0527,18.08.2020,19,17,30,11,20,RNG2RNG,
0528,19.08.2020,01,36,09,19,08,RNG2RNG,
0529,20.08.2020,24,32,26,31,30,RNG2RNG,
0530,21.08.2020,36,12,03,32,06,RNG2RNG,
0531,22.08.2020,16,13,27,03,22,RNG2RNG,
0532,23.08.2020,26,16,21,36,07,RNG2RNG,
0533,24.08.2020,28,13,03,19,18,RNG2RNG,
0534,25.08.2020,16,35,29,33,20,RNG2RNG,
0535,26.08.2020,17,30,09,35,24,RNG2RNG,
0536,27.08.2020,30,01,34,33,15,RNG2RNG,
0537,28.08.2020,08,17,12,05,30,RNG2RNG,
0538,29.08.2020,15,18,24,23,36,RNG2RNG,
0539,30.08.2020,15,05,13,25,03,RNG2RNG,
0540,31.08.2020,22,18,36,26,01,RNG2RNG,
0541,01.09.2020,17,32,31,14,23,RNG2RNG,
0542,02.09.2020,25,22,14,20,05,RNG2RNG,
0543,03.09.2020,14,16,08,22,27,RNG2RNG,
0544,04.09.2020,09,05,14,17,16,RNG2RNG,
0545,05.09.2020,23,25,22,14,12,RNG2RNG,
0546,06.09.2020,20,30,32,34,18,RNG2RNG,
0547,07.09.2020,16,30,01,03,34,RNG2RNG,
0548,08.09.2020,09,08,04,18,30,RNG2RNG,
0549,09.09.2020,35,28,21,12,29,RNG2RNG,
0550,10.09.2020,29,17,21,03,10,RNG2RNG,
0551,11.09.2020,16,25,26,02,32,RNG2RNG,
0552,12.09.2020,35,11,01,16,18,RNG2RNG,
0553,13.09.2020,18,16,23,14,29,RNG2RNG,
0554,14.09.2020,07,31,16,35,32,RNG2RNG,
0555,15.09.2020,18,32,28,29,34,RNG2RNG,
0556,16.09.2020,03,08,34,23,04,RNG2RNG,
0557,17.09.2020,19,25,18,30,15,RNG2RNG,
0558,18.09.2020,25,12,30,03,06,RNG2RNG,
0559,19.09.2020,09,16,22,28,25,RNG2RNG,
0560,20.09.2020,15,24,36,18,04,RNG2RNG,
0561,21.09.2020,35,28,03,09,02,RNG2RNG,
0562,22.09.2020,03,12,28,20,05,RNG2RNG,
0563,23.09.2020,13,30,35,09,27,RNG2RNG,
0564,24.09.2020,29,24,17,12,28,RNG2RNG,
0565,25.09.2020,02,25,24,07,20,RNG2RNG,
0566,26.09.2020,10,34,08,16,30,RNG2RNG,
0567,27.09.2020,19,12,04,29,21,RNG2RNG,
0568,28.09.2020,09,06,33,31,36,RNG2RNG,
0569,29.09.2020,32,20,08,09,02,RNG2RNG,
0570,30.09.2020,25,04,32,08,13,RNG2RNG,
0571,01.10.2020,06,20,13,01,21,RNG2RNG,
0572,02.10.2020,16,27,02,17,15,RNG2RNG,
0573,03.10.2020,25,24,06,12,27,RNG2RNG,
0574,04.10.2020,20,13,18,06,10,RNG2RNG,
0575,05.10.2020,09,18,24,08,26,RNG2RNG,
0576,06.10.2020,17,22,26,27,33,RNG2RNG,
0577,07.10.2020,07,30,04,19,14,RNG2RNG,
0578,08.10.2020,33,20,27,14,19,RNG2RNG,
0579,09.10.2020,26,07,25,32,31,RNG2RNG,
0580,10.10.2020,33,13,35,16,10,RNG2RNG,
0581,11.10.2020,28,10,15,30,08,RNG2RNG,
0582,12.10.2020,03,06,12,29,16,RNG2RNG,
0583,13.10.2020,23,07,05,34,29,RNG2RNG,
0584,14.10.2020,22,30,29,32,17,RNG2RNG,
0585,15.10.2020,02,13,10,21,29,RNG2RNG,
0586,16.10.2020,07,13,23,14,01,RNG2RNG,
0587,17.10.2020,18,24,35,22,32,RNG2RNG,
0588,18.10.2020,34,25,35,10,09,RNG2RNG,
0589,19.10.2020,19,36,04,20,12,RNG2RNG,
0590,20.10.2020,23,06,27,24,33,RNG2RNG,
0591,21.10.2020,10,01,05,14,23,RNG2RNG,
0592,22.10.2020,36,16,08,26,07,RNG2RNG,
0593,23.10.2020,21,10,08,22,28,RNG2RNG,
0594,24.10.2020,11,28,30,15,24,RNG2RNG,
0595,25.10.2020,31,33,14,01,08,RNG2RNG,
0596,26.10.2020,06,21,18,32,27,RNG2RNG,
0597,27.10.2020,27,23,18,25,08,RNG2RNG,
0598,28.10.2020,11,34,22,05,10,RNG2RNG,
0599,29.10.2020,04,27,17,26,13,RNG2RNG,
0600,30.10.2020,18,21,20,19,36,RNG2RNG,
0601,31.10.2020,25,30,35,01,20,RNG2RNG,
0602,01.11.2020,13,32,06,08,29,RNG2RNG,
0603,02.11.2020,01,14,07,09,22,RNG2RNG,
0604,03.11.2020,02,22,17,36,15,RNG2RNG,
0605,04.11.2020,30,31,18,21,24,RNG2RNG,
0606,05.11.2020,08,22,27,29,24,RNG2RNG,
0607,06.11.2020,01,28,31,32,10,RNG2RNG,
0608,07.11.2020,23,32,34,24,07,RNG2RNG,
0609,08.11.2020,18,25,29,19,10,RNG2RNG,
0610,09.11.2020,13,01,14,30,24,RNG2RNG,
0611,10.11.2020,32,26,27,33,35,RNG2RNG,
0612,11.11.2020,28,21,19,10,02,RNG2RNG,
0613,12.11.2020,18,32,03,12,33,RNG2RNG,
0614,13.11.2020,14,32,23,08,31,RNG2RNG,
0615,14.11.2020,25,35,20,01,29,RNG2RNG,
0616,15.11.2020,11,36,12,09,19,RNG2RNG,
0617,16.11.2020,25,27,03,06,33,RNG2RNG,
0618,17.11.2020,26,18,21,34,29,RNG2RNG,
0619,18.11.2020,13,35,12,36,31,RNG2RNG,
0620,19.11.2020,35,12,16,33,25,RNG2RNG,
0621,20.11.2020,34,16,04,05,32,RNG2RNG,
0622,21.11.2020,19,11,15,30,35,RNG2RNG,
0623,22.11.2020,25,11,26,36,20,RNG2RNG,
0624,23.11.2020,11,13,22,30,02,RNG2RNG,
0625,24.11.2020,12,04,13,35,05,RNG2RNG,
0626,25.11.2020,15,04,32,22,01,RNG2RNG,
0627,26.11.2020,29,05,17,16,12,RNG2RNG,
0628,27.11.2020,12,26,28,01,32,RNG2RNG,
0629,28.11.2020,25,14,05,09,28,RNG2RNG,
0630,29.11.2020,27,10,35,25,14,RNG2RNG,
0631,30.11.2020,35,01,06,31,03,RNG2RNG,
0632,01.12.2020,33,14,01,15,09,RNG2RNG,
0633,02.12.2020,15,14,20,08,09,RNG2RNG,
0634,03.12.2020,10,05,17,13,21,RNG2RNG,
0635,04.12.2020,12,20,24,27,05,RNG2RNG,
0636,05.12.2020,17,26,32,18,04,RNG2RNG,
0637,06.12.2020,08,16,20,22,17,RNG2RNG,
0638,07.12.2020,03,18,26,27,23,RNG2RNG,
0639,08.12.2020,06,25,17,30,02,RNG2RNG,
0640,09.12.2020,23,24,11,19,35,RNG2RNG,
0641,10.12.2020,01,14,02,03,11,RNG2RNG,
0642,11.12.2020,08,12,35,28,26,RNG2RNG,
0643,12.12.2020,23,30,36,06,03,RNG2RNG,
0644,13.12.2020,36,03,23,15,01,RNG2RNG,
0645,14.12.2020,33,27,19,14,25,RNG2RNG,
0646,15.12.2020,12,19,05,36,06,RNG2RNG,
0647,16.12.2020,14,12,28,16,32,RNG2RNG,
0648,17.12.2020,28,05,02,01,24,RNG2RNG,
0649,18.12.2020,21,06,26,17,27,RNG2RNG,
0650,19.12.2020,24,19,28,27,29,RNG2RNG,
0651,20.12.2020,08,03,18,01,36,RNG2RNG,
0652,21.12.2020,16,27,15,19,10,RNG2RNG,
0653,22.12.2020,04,06,12,26,11,RNG2RNG,
0654,23.12.2020,23,15,25,34,10,RNG2RNG,
0655,24.12.2020,33,15,28,26,10,RNG2RNG,
0656,26.12.2020,05,17,24,32,25,RNG2RNG,
0657,27.12.2020,13,28,27,25,32,RNG2RNG,
0658,28.12.2020,05,20,06,14,35,RNG2RNG,
0659,29.12.2020,06,34,29,32,10,RNG2RNG,
0660,30.12.2020,29,31,06,23,03,RNG2RNG,
0661,31.12.2020,12,28,20,24,34,RNG2RNG,
0662,01.01.2021,21,19,13,17,25,RNG2RNG,
0663,02.01.2021,24,14,26,29,23,RNG2RNG,
0664,03.01.2021,27,20,12,23,31,RNG2RNG,
0665,04.01.2021,23,19,13,21,12,RNG2RNG,
0666,05.01.2021,35,25,06,08,10,RNG2RNG,
0667,06.01.2021,16,02,15,34,10,RNG2RNG,
0668,07.01.2021,22,01,30,21,07,RNG2RNG,
0669,08.01.2021,25,10,17,14,13,RNG2RNG,
0670,09.01.2021,34,30,25,06,27,RNG2RNG,
0671,10.01.2021,06,22,04,36,02,RNG2RNG,
0672,11.01.2021,28,18,36,02,19,RNG2RNG,
0673,12.01.2021,25,33,35,15,22,RNG2RNG,
0674,13.01.2021,15,33,30,25,28,RNG2RNG,
0675,14.01.2021,33,35,29,17,16,RNG2RNG,
0676,15.01.2021,06,14,29,27,15,RNG2RNG,
0677,16.01.2021,24,23,10,12,02,RNG2RNG,
0678,17.01.2021,26,34,12,22,28,RNG2RNG,
0679,18.01.2021,06,24,21,30,12,RNG2RNG,
0680,19.01.2021,29,09,20,18,21,RNG2RNG,
0681,20.01.2021,30,32,22,35,04,RNG2RNG,
0682,21.01.2021,12,21,24,01,18,RNG2RNG,
0683,22.01.2021,04,25,09,23,19,RNG2RNG,
0684,23.01.2021,01,34,24,23,26,RNG2RNG,
0685,24.01.2021,20,25,19,03,16,RNG2RNG,
0686,25.01.2021,04,26,10,14,31,RNG2RNG,
0687,26.01.2021,14,08,22,13,21,RNG2RNG,
0688,27.01.2021,01,21,05,09,02,RNG2RNG,
0689,28.01.2021,12,14,13,01,36,RNG2RNG,
0690,29.01.2021,09,02,16,33,12,RNG2RNG,
0691,30.01.2021,01,04,20,21,34,RNG2RNG,
0692,31.01.2021,02,18,31,30,26,RNG2RNG,
0693,01.02.2021,11,03,04,19,17,RNG2RNG,
0694,02.02.2021,32,01,22,34,09,RNG2RNG,
0695,03.02.2021,10,33,31,34,05,RNG2RNG,
0696,04.02.2021,08,27,34,23,07,RNG2RNG,
0697,05.02.2021,34,31,29,35,23,RNG2RNG,
0698,06.02.2021,23,31,09,15,21,RNG2RNG,
0699,07.02.2021,20,29,07,01,09,RNG2RNG,
0700,08.02.2021,09,11,30,01,02,RNG2RNG,
0701,09.02.2021,23,05,07,27,19,RNG2RNG,
0702,10.02.2021,02,17,11,34,21,RNG2RNG,
0703,11.02.2021,12,27,32,36,06,RNG2RNG,
0704,12.02.2021,24,07,27,16,09,RNG2RNG,
0705,13.02.2021,35,20,25,01,12,RNG2RNG,
0706,14.02.2021,14,18,27,25,12,RNG2RNG,
0707,15.02.2021,14,12,03,32,27,RNG2RNG,
0708,16.02.2021,23,02,15,20,24,RNG2RNG,
0709,17.02.2021,02,15,20,12,18,RNG2RNG,
0710,18.02.2021,29,22,33,14,19,RNG2RNG,
0711,19.02.2021,14,13,21,12,23,RNG2RNG,
0712,20.02.2021,08,06,13,28,34,RNG2RNG,
0713,21.02.2021,28,01,22,09,03,RNG2RNG,
0714,22.02.2021,22,11,02,21,34,RNG2RNG,
0715,23.02.2021,29,21,03,27,15,RNG2RNG,
0716,24.02.2021,34,22,07,26,29,RNG2RNG,
0717,25.02.2021,15,10,30,19,08,RNG2RNG,
0718,26.02.2021,25,03,12,16,35,RNG2RNG,
0719,27.02.2021,12,11,28,27,17,RNG2RNG,
0720,28.02.2021,02,22,18,24,07,RNG2RNG,
0721,01.03.2021,06,24,28,13,33,RNG2RNG,
0722,02.03.2021,36,21,22,34,30,RNG2RNG,
0723,03.03.2021,34,08,05,22,27,RNG2RNG,
0724,04.03.2021,11,19,09,13,01,RNG2RNG,
0725,05.03.2021,14,04,26,34,08,RNG2RNG,
0726,06.03.2021,08,10,24,02,34,RNG2RNG,
0727,07.03.2021,22,19,28,27,33,RNG2RNG,
0728,08.03.2021,15,35,30,18,01,RNG2RNG,
0729,09.03.2021,33,09,05,27,22,RNG2RNG,
0730,10.03.2021,10,11,25,32,04,RNG2RNG,
0731,11.03.2021,06,09,29,31,12,RNG2RNG,
0732,12.03.2021,23,28,30,01,19,RNG2RNG,
0733,13.03.2021,36,18,33,05,26,RNG2RNG,
0734,14.03.2021,35,25,31,06,13,RNG2RNG,
0735,15.03.2021,29,21,04,20,17,RNG2RNG,
0736,16.03.2021,23,01,17,03,08,RNG2RNG,
0737,17.03.2021,05,17,09,36,32,RNG2RNG,
0738,18.03.2021,29,24,23,27,11,RNG2RNG,
0739,19.03.2021,20,04,27,05,36,RNG2RNG,
0740,20.03.2021,12,34,15,04,26,RNG2RNG,
0741,21.03.2021,24,21,07,03,02,RNG3RNG,
0742,22.03.2021,06,11,08,32,33,RNG3RNG,
0743,23.03.2021,30,28,32,06,11,RNG3RNG,
0744,24.03.2021,25,33,30,32,27,RNG3RNG,
0745,25.03.2021,15,24,02,17,18,RNG2RNG,
0746,26.03.2021,35,13,15,07,33,RNG2RNG,
0747,27.03.2021,14,22,10,11,27,RNG2RNG,
0748,28.03.2021,24,31,21,16,12,RNG2RNG,
0749,29.03.2021,30,32,09,03,10,RNG2RNG,
0750,30.03.2021,24,16,33,25,27,RNG2RNG,
0751,31.03.2021,26,25,17,14,31,RNG2RNG,
0752,01.04.2021,12,10,30,07,36,RNG2RNG,
0753,02.04.2021,22,29,12,20,14,RNG2RNG,
0754,03.04.2021,24,25,12,06,10,RNG2RNG,
0755,04.04.2021,10,14,30,04,35,RNG2RNG,
0756,05.04.2021,01,15,19,12,09,RNG2RNG,
0757,06.04.2021,18,12,13,31,35,RNG2RNG,
0758,07.04.2021,09,24,29,08,22,RNG2RNG,
0759,08.04.2021,16,12,15,21,06,RNG2RNG,
0760,09.04.2021,34,35,13,09,02,RNG2RNG,
0761,10.04.2021,30,34,29,05,20,RNG2RNG,
0762,11.04.2021,06,33,05,27,07,RNG2RNG,
0763,12.04.2021,10,21,03,07,08,RNG2RNG,
0764,13.04.2021,11,02,01,31,19,RNG2RNG,
0765,14.04.2021,35,09,02,23,10,RNG2RNG,
0766,15.04.2021,17,26,06,23,03,RNG2RNG,
0767,16.04.2021,25,30,07,29,04,RNG2RNG,
0768,17.04.2021,24,13,03,20,29,RNG2RNG,
0769,18.04.2021,15,21,24,20,01,RNG2RNG,
0770,19.04.2021,21,13,36,28,31,RNG2RNG,
0771,20.04.2021,10,01,13,36,04,RNG2RNG,
0772,21.04.2021,23,03,26,04,08,RNG2RNG,
0773,22.04.2021,18,04,12,29,21,RNG2RNG,
0774,23.04.2021,13,27,24,08,23,RNG2RNG,
0775,24.04.2021,36,06,24,13,32,RNG2RNG,
0776,25.04.2021,25,06,11,17,26,RNG2RNG,
0777,26.04.2021,31,19,02,05,13,RNG2RNG,
0778,27.04.2021,14,18,23,05,16,RNG2RNG,
0779,28.04.2021,02,29,23,35,14,RNG2RNG,
0780,29.04.2021,26,04,16,36,09,RNG2RNG,
0781,30.04.2021,20,28,01,29,08,RNG2RNG,
0782,01.05.2021,13,22,30,31,05,RNG2RNG,
0783,02.05.2021,21,14,24,31,27,RNG2RNG,
0784,03.05.2021,18,11,23,28,34,RNG2RNG,
0785,04.05.2021,08,30,24,21,20,RNG2RNG,
0786,05.05.2021,08,24,04,25,14,RNG2RNG,
0787,06.05.2021,31,29,23,33,17,RNG2RNG,
0788,07.05.2021,03,14,15,19,10,RNG2RNG,
0789,08.05.2021,02,34,31,05,13,RNG2RNG,
0790,09.05.2021,06,18,14,20,03,RNG2RNG,
0791,10.05.2021,02,07,28,29,21,RNG2RNG,
0792,11.05.2021,22,36,18,28,32,RNG2RNG,
0793,12.05.2021,35,02,30,11,01,RNG2RNG,
0794,13.05.2021,24,10,12,27,07,RNG2RNG,
0795,14.05.2021,36,10,12,31,35,RNG2RNG,
0796,15.05.2021,12,10,06,26,16,RNG2RNG,
0797,16.05.2021,24,33,30,01,16,RNG2RNG,
0798,17.05.2021,23,35,06,04,09,RNG2RNG,
0799,18.05.2021,12,16,33,17,15,RNG2RNG,
0800,19.05.2021,07,12,10,02,26,RNG2RNG,
0801,20.05.2021,36,02,08,33,32,RNG2RNG,
0802,21.05.2021,14,26,27,25,32,RNG2RNG,
0803,22.05.2021,05,02,10,26,30,RNG2RNG,
0804,23.05.2021,10,16,21,31,23,RNG2RNG,
0805,24.05.2021,27,22,01,04,03,RNG2RNG,
0806,25.05.2021,19,20,22,24,14,RNG2RNG,
0807,26.05.2021,10,21,22,02,35,RNG2RNG,
0808,27.05.2021,04,10,18,35,08,RNG2RNG,
0809,28.05.2021,18,15,29,23,27,RNG2RNG,
0810,29.05.2021,25,18,16,32,27,RNG2RNG,
0811,30.05.2021,29,09,12,32,18,RNG2RNG,
0812,31.05.2021,21,02,31,01,30,RNG2RNG,
0813,01.06.2021,31,34,08,05,15,RNG2RNG,
0814,02.06.2021,23,26,15,11,36,RNG2RNG,
0815,03.06.2021,04,16,26,31,06,RNG2RNG,
0816,04.06.2021,27,09,29,25,22,RNG2RNG,
0817,05.06.2021,19,10,22,05,09,RNG2RNG,
0818,06.06.2021,31,19,22,11,20,RNG2RNG,
0819,07.06.2021,19,25,29,31,18,RNG2RNG,
0820,08.06.2021,30,24,11,07,34,RNG2RNG,
0821,09.06.2021,15,36,16,04,35,RNG2RNG,
0822,10.06.2021,09,13,15,21,24,RNG2RNG,
0823,11.06.2021,06,04,32,12,28,RNG2RNG,
0824,12.06.2021,17,01,09,35,06,RNG2RNG,
0825,13.06.2021,33,19,20,08,07,RNG2RNG,
0826,14.06.2021,07,18,14,30,24,RNG2RNG,
0827,15.06.2021,04,07,20,17,19,RNG2RNG,
0828,16.06.2021,18,21,31,34,13,RNG2RNG,
0829,17.06.2021,30,22,05,02,04,RNG2RNG,
0830,18.06.2021,33,01,05,28,13,RNG2RNG,
0831,19.06.2021,04,17,27,30,32,RNG2RNG,
0832,20.06.2021,10,03,07,24,31,RNG2RNG,
0833,21.06.2021,36,30,21,12,27,RNG2RNG,
0834,22.06.2021,08,28,27,07,25,RNG2RNG,
0835,23.06.2021,32,12,02,27,21,RNG2RNG,
0836,24.06.2021,24,11,28,22,19,RNG2RNG,
0837,25.06.2021,28,27,22,06,11,RNG2RNG,
0838,26.06.2021,32,36,18,05,08,RNG2RNG,
0839,27.06.2021,24,08,17,16,36,RNG2RNG,
0840,28.06.2021,07,31,17,22,30,RNG2RNG,
0841,29.06.2021,27,24,19,26,21,RNG2RNG,
0842,30.06.2021,06,13,14,18,09,RNG2RNG,
0843,01.07.2021,36,03,30,27,05,RNG2RNG,
0844,02.07.2021,10,29,24,19,08,RNG2RNG,
0845,03.07.2021,22,33,35,27,03,RNG2RNG,
0846,04.07.2021,26,09,16,25,30,RNG2RNG,
0847,05.07.2021,26,05,33,32,36,RNG2RNG,
0848,06.07.2021,22,36,13,01,16,RNG2RNG,
0849,07.07.2021,07,09,10,20,11,RNG2RNG,
0850,08.07.2021,09,19,07,21,32,RNG2RNG,
0851,09.07.2021,16,04,17,12,02,RNG2RNG,
0852,10.07.2021,15,17,23,18,06,RNG2RNG,
0853,11.07.2021,09,05,24,13,22,RNG2RNG,
0854,12.07.2021,20,18,04,31,10,RNG2RNG,
0855,13.07.2021,08,26,06,20,22,RNG2RNG,
0856,14.07.2021,36,02,34,24,11,RNG2RNG,
0857,15.07.2021,24,22,09,17,07,RNG2RNG,
0858,16.07.2021,06,23,29,03,22,RNG2RNG,
0859,17.07.2021,35,15,04,24,31,RNG2RNG,
0860,18.07.2021,18,07,29,33,06,RNG2RNG,
0861,19.07.2021,22,07,13,11,06,RNG2RNG,
0862,20.07.2021,23,13,07,35,34,RNG2RNG,
0863,21.07.2021,21,03,27,16,35,RNG2RNG,
0864,22.07.2021,25,17,33,10,06,RNG2RNG,
0865,23.07.2021,04,07,34,18,09,RNG2RNG,
0866,24.07.2021,24,16,34,35,17,RNG2RNG,
0867,25.07.2021,17,23,11,31,34,RNG2RNG,
0868,26.07.2021,30,08,31,24,34,RNG2RNG,
0869,27.07.2021,22,35,13,31,11,RNG2RNG,
0870,28.07.2021,23,29,26,08,22,RNG2RNG,
0871,29.07.2021,29,18,24,20,33,RNG2RNG,
0872,30.07.2021,26,34,02,29,35,RNG2RNG,
0873,31.07.2021,10,13,26,30,34,RNG2RNG,
0874,01.08.2021,17,26,02,36,05,RNG2RNG,
0875,02.08.2021,20,29,32,18,28,RNG2RNG,
0876,03.08.2021,02,32,18,11,31,RNG2RNG,
0877,04.08.2021,30,05,06,07,27,RNG2RNG,
0878,05.08.2021,36,05,04,10,21,RNG2RNG,
0879,06.08.2021,34,30,07,16,12,RNG2RNG,
0880,07.08.2021,33,12,07,05,31,RNG2RNG,
0881,08.08.2021,24,19,22,18,13,RNG2RNG,
0882,09.08.2021,13,30,36,20,32,RNG2RNG,
0883,10.08.2021,29,18,08,20,10,RNG2RNG,
0884,11.08.2021,05,31,01,28,15,RNG2RNG,
0885,12.08.2021,15,22,04,13,07,RNG2RNG,
0886,13.08.2021,15,18,33,36,22,RNG2RNG,
0887,14.08.2021,35,36,33,29,15,RNG2RNG,
0888,15.08.2021,31,06,23,14,34,RNG2RNG,
0889,16.08.2021,29,03,22,31,28,RNG2RNG,
0890,17.08.2021,24,23,07,25,29,RNG2RNG,
0891,18.08.2021,14,10,17,11,08,RNG2RNG,
0892,19.08.2021,01,12,25,20,17,RNG2RNG,
0893,20.08.2021,07,27,16,20,32,RNG2RNG,
0894,21.08.2021,36,06,08,13,03,RNG2RNG,
0895,22.08.2021,16,05,20,27,22,RNG2RNG,
0896,23.08.2021,33,09,25,07,31,RNG2RNG,
0897,24.08.2021,33,32,13,25,10,RNG2RNG,
0898,25.08.2021,09,05,27,19,18,RNG2RNG,
0899,26.08.2021,05,19,29,28,21,RNG2RNG,
0900,27.08.2021,11,10,20,35,16,RNG2RNG,
0901,28.08.2021,16,06,22,30,08,RNG2RNG,
0902,29.08.2021,35,24,28,06,29,RNG2RNG,
0903,30.08.2021,05,15,23,31,29,RNG2RNG,
0904,31.08.2021,15,18,16,07,20,RNG2RNG,
0905,01.09.2021,30,13,22,36,06,RNG2RNG,
0906,02.09.2021,06,14,02,12,01,RNG2RNG,
0907,03.09.2021,36,04,14,02,15,RNG2RNG,
0908,04.09.2021,22,08,12,27,33,RNG2RNG,
0909,05.09.2021,29,06,04,28,26,RNG2RNG,
0910,06.09.2021,01,20,10,04,11,RNG2RNG,
0911,07.09.2021,08,04,36,35,11,RNG2RNG,
0912,08.09.2021,28,06,02,36,15,RNG2RNG,
0913,09.09.2021,25,10,12,32,18,RNG2RNG,
0914,10.09.2021,29,05,31,18,34,RNG2RNG,
0915,11.09.2021,20,34,02,22,18,RNG2RNG,
0916,12.09.2021,35,10,32,25,18,RNG2RNG,
0917,13.09.2021,12,35,33,20,31,RNG2RNG,
0918,14.09.2021,31,12,20,13,21,RNG2RNG,
0919,15.09.2021,24,32,01,33,23,RNG2RNG,
0920,16.09.2021,35,05,23,21,02,RNG2RNG,
0921,17.09.2021,10,34,19,26,09,RNG2RNG,
0922,18.09.2021,06,03,12,04,02,RNG2RNG,
0923,19.09.2021,21,16,30,33,28,RNG2RNG,
0924,20.09.2021,11,04,16,33,12,RNG2RNG,
0925,21.09.2021,17,12,36,24,15,RNG2RNG,
0926,22.09.2021,30,22,10,19,24,RNG2RNG,
0927,23.09.2021,16,22,03,05,04,RNG2RNG,
0928,24.09.2021,13,01,26,18,27,RNG2RNG,
0929,25.09.2021,29,28,08,06,14,RNG2RNG,
0930,26.09.2021,31,11,32,09,22,RNG2RNG,
0931,27.09.2021,05,25,18,08,36,RNG2RNG,
0932,28.09.2021,23,31,21,06,22,RNG2RNG,
0933,29.09.2021,15,32,33,20,23,RNG2RNG,
0934,30.09.2021,19,21,33,35,18,RNG2RNG,
0935,01.10.2021,16,02,18,20,29,RNG2RNG,
0936,02.10.2021,12,09,21,07,05,RNG2RNG,
0937,03.10.2021,32,21,04,27,06,RNG2RNG,
0938,04.10.2021,30,14,18,06,27,RNG2RNG,
0939,05.10.2021,03,25,21,14,16,RNG2RNG,
0940,06.10.2021,02,01,08,14,24,RNG2RNG,
0941,07.10.2021,34,10,07,15,01,RNG2RNG,
0942,08.10.2021,16,25,12,36,03,RNG2RNG,
0943,09.10.2021,26,32,25,20,18,RNG2RNG,
0944,10.10.2021,13,23,12,07,15,RNG2RNG,
0945,11.10.2021,32,17,20,34,15,RNG2RNG,
0946,12.10.2021,22,34,24,30,21,RNG2RNG,
0947,13.10.2021,11,27,25,14,17,RNG2RNG,
0948,14.10.2021,08,16,35,23,19,RNG2RNG,
0949,15.10.2021,02,09,04,07,19,RNG2RNG,
0950,16.10.2021,07,19,35,17,03,RNG2RNG,
0951,17.10.2021,17,13,22,24,29,RNG2RNG,
0952,18.10.2021,19,14,35,34,32,RNG2RNG,
0953,19.10.2021,36,17,05,24,10,RNG2RNG,
0954,20.10.2021,28,10,16,09,03,RNG2RNG,
0955,21.10.2021,01,23,15,04,27,RNG2RNG,
0956,22.10.2021,25,04,16,09,15,RNG2RNG,
0957,23.10.2021,26,10,30,32,25,RNG2RNG,
0958,24.10.2021,27,04,02,17,30,RNG2RNG,
0959,25.10.2021,33,23,36,19,10,RNG2RNG,
0960,26.10.2021,08,23,32,21,09,RNG2RNG,
0961,27.10.2021,09,01,29,08,33,RNG2RNG,
0962,28.10.2021,32,36,27,05,23,RNG2RNG,
0963,29.10.2021,36,33,35,24,16,RNG2RNG,
0964,30.10.2021,20,08,21,19,11,RNG2RNG,
0965,31.10.2021,19,20,35,04,14,RNG2RNG,
0966,01.11.2021,33,09,05,25,11,RNG2RNG,
0967,02.11.2021,29,08,34,22,21,RNG2RNG,
0968,03.11.2021,22,06,16,15,20,RNG2RNG,
0969,04.11.2021,03,10,20,27,35,RNG2RNG,
0970,05.11.2021,10,01,29,26,21,RNG2RNG,
0971,06.11.2021,30,15,23,03,06,RNG2RNG,
0972,07.11.2021,26,28,04,27,33,RNG2RNG,
0973,08.11.2021,31,17,32,22,30,RNG2RNG,
0974,09.11.2021,19,07,20,01,09,RNG2RNG,
0975,10.11.2021,06,01,34,22,27,RNG2RNG,
0976,11.11.2021,19,01,10,12,21,RNG2RNG,
0977,12.11.2021,20,14,26,36,19,RNG2RNG,
0978,13.11.2021,12,33,15,11,24,RNG2RNG,
0979,14.11.2021,11,08,10,06,16,RNG2RNG,
0980,15.11.2021,15,24,27,20,13,RNG2RNG,
0981,16.11.2021,29,31,28,05,17,RNG2RNG,
0982,17.11.2021,06,32,21,36,04,RNG2RNG,
0983,18.11.2021,30,11,15,10,19,RNG2RNG,
0984,19.11.2021,22,06,17,26,32,RNG2RNG,
0985,20.11.2021,35,04,11,32,06,RNG2RNG,
0986,21.11.2021,15,33,07,03,06,RNG2RNG,
0987,22.11.2021,25,16,18,30,31,RNG2RNG,
0988,23.11.2021,10,05,06,32,07,RNG2RNG,
0989,24.11.2021,01,26,18,34,08,RNG2RNG,
0990,25.11.2021,03,21,20,07,25,RNG2RNG,
0991,26.11.2021,28,30,29,09,03,RNG2RNG,
0992,27.11.2021,34,10,20,22,13,RNG2RNG,
0993,28.11.2021,05,20,01,09,10,RNG2RNG,
0994,29.11.2021,28,05,33,03,13,RNG2RNG,
0995,30.11.2021,03,01,09,34,11,RNG2RNG,
0996,01.12.2021,17,11,28,15,04,RNG2RNG,
0997,02.12.2021,08,20,11,32,03,RNG2RNG,
0998,03.12.2021,14,25,35,13,06,RNG2RNG,
0999,04.12.2021,29,24,01,36,12,RNG2RNG,
1000,05.12.2021,19,06,36,33,04,RNG2RNG,
1001,06.12.2021,23,36,06,13,10,RNG2RNG,
1002,07.12.2021,20,27,12,08,02,RNG2RNG,
1003,08.12.2021,25,05,20,09,11,RNG2RNG,
1004,09.12.2021,02,03,05,19,14,RNG2RNG,
1005,10.12.2021,34,35,24,31,07,RNG2RNG,
1006,11.12.2021,07,18,20,16,09,RNG2RNG,
1007,12.12.2021,36,20,29,27,35,RNG2RNG,
1008,13.12.2021,23,30,22,06,25,RNG2RNG,
1009,14.12.2021,03,20,28,15,12,RNG2RNG,
1010,15.12.2021,19,24,26,15,32,RNG2RNG,
1011,16.12.2021,10,28,03,25,16,RNG2RNG,
1012,17.12.2021,08,17,28,24,01,RNG2RNG,
1013,18.12.2021,13,20,06,17,30,RNG2RNG,
1014,19.12.2021,01,18,31,20,02,RNG2RNG,
1015,20.12.2021,01,20,02,35,08,RNG2RNG,
1016,21.12.2021,08,17,20,30,36,RNG2RNG,
1017,22.12.2021,05,30,06,08,32,RNG2RNG,
1018,23.12.2021,14,09,36,06,17,RNG2RNG,
1019,24.12.2021,08,24,22,29,23,RNG2RNG,
1020,26.12.2021,11,03,26,25,17,RNG2RNG,
1021,27.12.2021,19,31,17,21,29,RNG2RNG,
1022,28.12.2021,25,11,31,35,03,RNG2RNG,
1023,29.12.2021,16,19,10,14,17,RNG2RNG,
1024,30.12.2021,21,02,28,23,06,RNG2RNG,
1025,31.12.2021,04,19,03,18,24,RNG2RNG,
1026,01.01.2022,32,36,23,17,31,RNG2RNG,
1027,02.01.2022,25,21,12,23,31,RNG2RNG,
1028,03.01.2022,16,06,25,14,22,RNG2RNG,
1029,04.01.2022,32,16,29,04,22,RNG2RNG,
1030,05.01.2022,27,21,14,35,11,RNG2RNG,
1031,06.01.2022,09,05,36,20,26,RNG2RNG,
1032,07.01.2022,04,10,06,30,15,RNG2RNG,
1033,08.01.2022,36,30,13,14,33,RNG2RNG,
1034,09.01.2022,30,23,05,33,32,RNG2RNG,
1035,10.01.2022,23,01,34,03,11,RNG2RNG,
1036,11.01.2022,09,20,08,01,18,RNG2RNG,
1037,12.01.2022,36,22,03,27,33,RNG2RNG,
1038,13.01.2022,07,23,28,06,30,RNG3RNG,
1039,14.01.2022,34,33,25,30,08,RNG2RNG,
1040,15.01.2022,12,03,11,35,07,RNG2RNG,
1041,16.01.2022,01,23,19,33,28,RNG2RNG,
1042,17.01.2022,24,29,21,08,34,RNG2RNG,
1043,18.01.2022,33,11,21,16,15,RNG2RNG,
1044,19.01.2022,06,27,09,34,22,RNG2RNG,
1045,20.01.2022,29,32,08,15,20,RNG2RNG,
1046,21.01.2022,35,16,20,02,08,RNG2RNG,
1047,22.01.2022,31,16,10,33,03,RNG2RNG,
1048,23.01.2022,34,02,29,30,07,RNG2RNG,
1049,24.01.2022,28,30,25,16,15,RNG2RNG,
1050,25.01.2022,05,22,32,19,31,RNG2RNG,
1051,26.01.2022,08,33,15,14,18,RNG2RNG,
1052,27.01.2022,22,11,05,32,18,RNG2RNG,
1053,28.01.2022,18,22,23,25,08,RNG2RNG,
1054,29.01.2022,16,27,12,01,02,RNG2RNG,
1055,30.01.2022,07,29,05,36,25,RNG2RNG,
1056,31.01.2022,14,02,08,35,16,RNG2RNG,
1057,01.02.2022,01,02,15,32,25,RNG2RNG,
1058,02.02.2022,12,35,01,30,26,RNG2RNG,
1059,03.02.2022,24,30,06,09,35,RNG2RNG,
1060,04.02.2022,34,30,18,13,10,RNG2RNG,
1061,05.02.2022,25,13,07,27,20,RNG2RNG,
1062,06.02.2022,10,27,14,28,24,RNG2RNG,
1063,07.02.2022,35,15,20,36,04,RNG2RNG,
1064,08.02.2022,27,26,08,04,19,RNG2RNG,
1065,09.02.2022,09,21,06,03,10,RNG2RNG,
1066,10.02.2022,24,06,14,09,05,RNG2RNG,
1067,11.02.2022,27,05,26,04,32,RNG2RNG,
1068,12.02.2022,28,15,36,12,07,RNG2RNG,
1069,13.02.2022,01,04,34,21,32,RNG2RNG,
1070,14.02.2022,32,15,03,18,08,RNG2RNG,
1071,15.02.2022,17,03,36,29,22,RNG2RNG,
1072,16.02.2022,30,24,14,17,20,RNG2RNG,
1073,17.02.2022,04,33,18,10,24,RNG2RNG,
1074,18.02.2022,28,17,32,15,26,RNG2RNG,
1075,19.02.2022,13,16,25,15,02,RNG2RNG,
1076,20.02.2022,18,23,11,19,24,RNG2RNG,
1077,21.02.2022,05,36,28,12,02,RNG2RNG,
1078,22.02.2022,20,26,34,27,23,RNG2RNG,
1079,23.02.2022,19,28,03,16,34,RNG2RNG,
1080,24.02.2022,10,15,09,33,23,RNG2RNG,
1081,25.02.2022,34,03,29,19,28,RNG2RNG,
1082,26.02.2022,22,21,10,35,19,RNG2RNG,
1083,27.02.2022,05,22,02,15,27,RNG2RNG,
1084,28.02.2022,07,17,01,34,25,RNG2RNG,
1085,01.03.2022,14,32,15,16,12,RNG2RNG,
1086,02.03.2022,19,21,36,33,27,RNG2RNG,
1087,03.03.2022,29,36,01,32,19,RNG2RNG,
1088,04.03.2022,18,06,30,16,19,RNG2RNG,
1089,05.03.2022,11,24,14,34,32,RNG2RNG,
1090,06.03.2022,10,22,07,23,17,RNG2RNG,
1091,07.03.2022,20,21,35,05,11,RNG2RNG,
1092,08.03.2022,24,04,34,06,36,RNG2RNG,
1093,09.03.2022,23,14,24,07,03,RNG2RNG,
1094,10.03.2022,21,03,12,25,16,RNG2RNG,
1095,11.03.2022,30,03,08,24,07,RNG2RNG,
1096,12.03.2022,06,09,27,11,33,RNG2RNG,
1097,13.03.2022,31,33,13,08,03,RNG2RNG,
1098,14.03.2022,13,23,36,25,30,RNG2RNG,
1099,15.03.2022,25,14,33,05,35,RNG2RNG,
1100,16.03.2022,25,10,19,04,32,RNG2RNG,
1101,17.03.2022,17,06,12,20,09,RNG2RNG,
1102,18.03.2022,11,06,10,13,24,RNG2RNG,
1103,19.03.2022,25,30,21,29,06,RNG2RNG,
1104,20.03.2022,03,36,19,32,31,RNG2RNG,
1105,21.03.2022,29,33,03,04,10,RNG2RNG,
1106,22.03.2022,31,14,11,09,26,RNG2RNG,
1107,23.03.2022,04,31,24,15,21,RNG2RNG,
1108,24.03.2022,16,03,10,34,09,RNG2RNG,
1109,25.03.2022,10,34,02,36,26,RNG2RNG,
1110,26.03.2022,11,14,26,23,21,RNG2RNG,
1111,27.03.2022,33,04,16,20,11,RNG2RNG,
1112,28.03.2022,23,25,04,10,15,RNG2RNG,
1113,29.03.2022,01,28,03,07,08,RNG2RNG,
1114,30.03.2022,24,34,17,07,36,RNG2RNG,
1115,31.03.2022,03,26,31,14,08,RNG2RNG,
1116,01.04.2022,12,10,17,27,14,RNG2RNG,
1117,02.04.2022,01,10,25,03,04,RNG2RNG,
1118,03.04.2022,08,36,24,18,23,RNG2RNG,
1119,04.04.2022,06,01,12,23,05,RNG2RNG,
1120,05.04.2022,21,23,15,29,33,RNG2RNG,
1121,06.04.2022,22,02,20,08,01,RNG2RNG,
1122,07.04.2022,13,20,05,28,18,RNG2RNG,
1123,08.04.2022,01,08,07,29,10,RNG2RNG,
1124,09.04.2022,31,07,29,36,05,RNG2RNG,
1125,10.04.2022,05,17,18,07,01,RNG2RNG,
1126,11.04.2022,23,03,27,31,12,RNG2RNG,
1127,12.04.2022,01,27,35,05,29,RNG2RNG,
1128,13.04.2022,11,13,31,33,04,RNG2RNG,
1129,14.04.2022,10,20,12,05,34,RNG2RNG,
1130,15.04.2022,02,33,20,10,25,RNG2RNG,
1131,16.04.2022,02,28,33,15,35,RNG2RNG,
1132,17.04.2022,07,17,33,29,25,RNG2RNG,
1133,18.04.2022,04,23,27,36,02,RNG2RNG,
1134,19.04.2022,03,13,28,32,09,RNG2RNG,
1135,20.04.2022,22,21,32,27,29,RNG2RNG,
1136,21.04.2022,16,12,35,32,20,RNG2RNG,
1137,22.04.2022,28,02,21,34,05,RNG2RNG,
1138,23.04.2022,34,02,22,16,10,RNG2RNG,
1139,24.04.2022,20,29,05,32,30,RNG2RNG,
1140,25.04.2022,16,30,13,10,05,RNG2RNG,
1141,26.04.2022,31,35,05,28,27,RNG2RNG,
1142,27.04.2022,25,36,04,03,26,RNG2RNG,
1143,28.04.2022,14,02,28,19,10,RNG2RNG,
1144,29.04.2022,34,04,13,27,15,RNG2RNG,
1145,30.04.2022,07,10,15,31,04,RNG2RNG,
1146,01.05.2022,07,18,22,02,21,RNG2RNG,
1147,02.05.2022,11,32,24,03,33,RNG2RNG,
1148,03.05.2022,06,08,22,04,25,RNG2RNG,
1149,04.05.2022,02,26,32,36,28,RNG2RNG,
1150,05.05.2022,12,11,07,29,27,RNG2RNG,
1151,06.05.2022,29,16,06,07,22,RNG2RNG,
1152,07.05.2022,23,20,12,10,04,RNG2RNG,
1153,08.05.2022,23,30,13,04,09,RNG2RNG,
1154,09.05.2022,23,35,18,10,01,RNG2RNG,
1155,10.05.2022,10,25,14,13,20,RNG2RNG,
1156,11.05.2022,05,10,12,21,01,RNG2RNG,
1157,12.05.2022,20,27,25,09,05,RNG2RNG,
1158,13.05.2022,33,31,22,24,12,RNG2RNG,
1159,14.05.2022,03,20,24,02,08,RNG2RNG,
1160,15.05.2022,33,17,25,11,09,RNG2RNG,
1161,16.05.2022,06,18,02,07,29,RNG2RNG,
1162,17.05.2022,25,07,22,26,27,RNG2RNG,
1163,18.05.2022,21,15,29,32,18,RNG2RNG,
1164,19.05.2022,16,08,02,29,32,RNG2RNG,
1165,20.05.2022,05,07,06,14,26,RNG2RNG,
1166,21.05.2022,19,36,25,29,34,RNG2RNG,
1167,22.05.2022,06,21,20,01,04,RNG2RNG,
1168,23.05.2022,13,03,26,07,21,RNG2RNG,
1169,24.05.2022,04,10,07,21,14,RNG2RNG,
1170,25.05.2022,32,28,35,33,16,RNG2RNG,
1171,26.05.2022,28,03,22,33,18,RNG2RNG,
1172,27.05.2022,19,08,26,30,27,RNG2RNG,
1173,28.05.2022,28,31,15,14,26,RNG2RNG,
1174,29.05.2022,18,31,26,29,28,RNG2RNG,
1175,30.05.2022,33,09,02,01,12,RNG2RNG,
1176,31.05.2022,30,13,17,23,20,RNG2RNG,
1177,01.06.2022,12,04,07,25,18,RNG2RNG,
1178,02.06.2022,19,07,14,27,06,RNG2RNG,
1179,03.06.2022,25,13,22,27,11,RNG2RNG,
1180,04.06.2022,08,09,05,10,01,RNG2RNG,
1181,05.06.2022,24,09,20,04,10,RNG2RNG,
1182,06.06.2022,09,06,20,24,21,RNG2RNG,
1183,07.06.2022,01,20,18,17,11,RNG2RNG,
1184,08.06.2022,01,15,07,06,28,RNG2RNG,
1185,09.06.2022,33,03,02,11,25,RNG2RNG,
1186,10.06.2022,30,26,16,21,22,RNG2RNG,
1187,11.06.2022,09,14,31,06,01,RNG2RNG,
1188,12.06.2022,22,06,23,09,32,RNG2RNG,
1189,13.06.2022,35,25,05,06,31,RNG2RNG,
1190,14.06.2022,14,26,36,34,11,RNG2RNG,
1191,15.06.2022,34,03,22,18,05,RNG2RNG,
1192,16.06.2022,24,36,27,25,01,RNG2RNG,
1193,17.06.2022,11,09,32,33,08,RNG2RNG,
1194,18.06.2022,03,13,17,23,31,RNG2RNG,
1195,19.06.2022,26,08,22,15,36,RNG2RNG,
1196,20.06.2022,31,30,09,02,10,RNG2RNG,
1197,21.06.2022,06,33,09,36,27,RNG2RNG,
1198,22.06.2022,19,30,13,28,15,RNG2RNG,
1199,23.06.2022,03,06,21,23,11,RNG2RNG,
1200,24.06.2022,33,13,28,21,02,RNG2RNG,
1201,25.06.2022,13,27,08,29,18,RNG2RNG,
1202,26.06.2022,30,21,36,29,18,RNG2RNG,
1203,27.06.2022,02,21,33,18,03,RNG2RNG,
1204,28.06.2022,11,08,30,35,18,RNG2RNG,
1205,29.06.2022,09,10,04,28,13,RNG2RNG,
1206,30.06.2022,27,28,21,07,25,RNG2RNG,
1207,01.07.2022,10,16,15,09,05,RNG2RNG,
1208,02.07.2022,06,36,31,01,11,RNG2RNG,
1209,03.07.2022,01,18,26,14,16,RNG2RNG,
1210,04.07.2022,09,26,15,27,24,RNG2RNG,
1211,05.07.2022,33,01,08,31,02,RNG2RNG,
1212,06.07.2022,23,31,02,15,18,RNG2RNG,
1213,07.07.2022,33,18,20,34,23,RNG2RNG,
1214,08.07.2022,32,28,05,01,31,RNG2RNG,
1215,09.07.2022,36,04,29,10,22,RNG2RNG,
1216,10.07.2022,04,22,07,36,05,RNG2RNG,
1217,11.07.2022,18,19,31,03,22,RNG2RNG,
1218,12.07.2022,11,06,07,29,01,RNG2RNG,
1219,13.07.2022,21,15,33,06,29,RNG2RNG,
1220,14.07.2022,19,08,02,18,06,RNG2RNG,
1221,15.07.2022,28,19,31,24,20,RNG2RNG,
1222,16.07.2022,20,17,22,08,06,RNG2RNG,
1223,17.07.2022,05,21,27,31,35,RNG2RNG,
1224,18.07.2022,16,08,29,14,19,RNG2RNG,
1225,19.07.2022,16,10,18,31,28,RNG2RNG,
1226,20.07.2022,21,30,15,04,27,RNG2RNG,
1227,21.07.2022,01,27,04,35,23,RNG2RNG,
1228,22.07.2022,02,17,23,35,09,RNG2RNG,
1229,23.07.2022,28,26,10,04,09,RNG2RNG,
1230,24.07.2022,03,28,34,10,19,RNG2RNG,
1231,25.07.2022,36,19,09,24,28,RNG2RNG,
1232,26.07.2022,34,03,13,19,01,RNG2RNG,
1233,27.07.2022,24,02,31,04,36,RNG2RNG,
1234,28.07.2022,01,36,02,27,30,RNG2RNG,
1235,29.07.2022,10,05,02,20,28,RNG2RNG,
1236,30.07.2022,32,04,28,36,10,RNG2RNG,
1237,31.07.2022,04,30,25,31,20,RNG2RNG,
1238,01.08.2022,09,33,15,03,18,RNG2RNG,
1239,02.08.2022,21,26,10,29,18,RNG2RNG,
1240,03.08.2022,25,08,06,24,22,RNG2RNG,
1241,04.08.2022,26,06,31,21,17,RNG2RNG,
1242,05.08.2022,28,16,26,01,17,RNG2RNG,
1243,06.08.2022,33,09,24,31,18,RNG2RNG,
1244,07.08.2022,20,18,36,24,32,RNG2RNG,
1245,08.08.2022,34,04,31,22,05,RNG2RNG,
1246,09.08.2022,14,24,15,23,03,RNG2RNG,
1247,10.08.2022,13,17,08,01,06,RNG2RNG,
1248,11.08.2022,08,20,16,19,18,RNG2RNG,
1249,12.08.2022,05,30,32,29,27,RNG2RNG,
1250,13.08.2022,04,18,28,31,19,RNG2RNG,
1251,14.08.2022,17,26,33,01,24,RNG2RNG,
1252,15.08.2022,35,23,15,32,20,RNG2RNG,
1253,16.08.2022,21,27,12,19,01,RNG2RNG,
1254,17.08.2022,08,05,02,34,28,RNG2RNG,
1255,18.08.2022,05,17,31,26,11,RNG2RNG,
1256,19.08.2022,16,27,34,28,01,RNG2RNG,
1257,20.08.2022,16,09,32,20,33,RNG2RNG,
1258,21.08.2022,15,35,23,19,06,RNG2RNG,
1259,22.08.2022,04,26,32,35,17,RNG2RNG,
1260,23.08.2022,08,06,29,21,22,RNG2RNG,
1261,24.08.2022,22,05,23,02,12,RNG2RNG,
1262,25.08.2022,12,15,17,06,08,RNG2RNG,
1263,26.08.2022,23,31,10,21,12,RNG2RNG,
1264,27.08.2022,20,05,23,30,21,RNG2RNG,
1265,28.08.2022,23,32,29,22,33,RNG2RNG,
1266,29.08.2022,26,29,10,21,34,RNG2RNG,
1267,30.08.2022,22,28,25,16,33,RNG2RNG,
1268,31.08.2022,22,11,27,28,18,RNG2RNG,
1269,01.09.2022,19,36,06,29,16,RNG2RNG,
1270,02.09.2022,02,01,03,24,26,RNG2RNG,
1271,03.09.2022,08,18,24,25,11,RNG2RNG,
1272,04.09.2022,31,36,06,07,02,RNG2RNG,
1273,05.09.2022,10,15,25,12,14,RNG2RNG,
1274,06.09.2022,15,09,11,26,13,RNG2RNG,
1275,07.09.2022,13,15,26,17,12,RNG2RNG,
1276,08.09.2022,24,29,01,06,22,RNG2RNG,
1277,09.09.2022,15,30,36,19,10,RNG2RNG,
1278,10.09.2022,35,18,14,33,31,RNG2RNG,
1279,11.09.2022,32,16,27,17,09,RNG2RNG,
1280,12.09.2022,26,01,12,20,21,RNG2RNG,
1281,13.09.2022,09,05,32,33,18,RNG3RNG,
1282,14.09.2022,16,28,05,17,31,RNG2RNG,
1283,15.09.2022,04,25,14,33,26,RNG2RNG,
1284,16.09.2022,11,12,27,18,08,RNG2RNG,
1285,17.09.2022,15,05,25,32,35,RNG2RNG,
1286,18.09.2022,28,34,11,02,15,RNG2RNG,
1287,19.09.2022,17,33,09,24,13,RNG2RNG,
1288,20.09.2022,05,12,14,03,04,RNG2RNG,
1289,21.09.2022,26,03,01,28,30,RNG2RNG,
1290,22.09.2022,02,22,11,32,34,RNG2RNG,
1291,23.09.2022,12,09,27,28,05,RNG2RNG,
1292,24.09.2022,18,21,07,31,09,RNG2RNG,
1293,25.09.2022,14,17,07,33,18,RNG2RNG,
1294,26.09.2022,21,08,09,32,19,RNG2RNG,
1295,27.09.2022,20,30,17,10,07,RNG2RNG,
1296,28.09.2022,05,23,13,32,21,RNG2RNG,
1297,29.09.2022,08,12,05,02,17,RNG2RNG,
1298,30.09.2022,23,26,01,11,32,RNG2RNG,
1299,01.10.2022,06,01,21,19,20,RNG2RNG,
1300,02.10.2022,08,14,13,17,23,RNG2RNG,
1301,03.10.2022,04,34,26,14,13,RNG2RNG,
1302,04.10.2022,25,08,22,32,09,RNG2RNG,
1303,05.10.2022,28,33,08,21,12,RNG2RNG,
1304,06.10.2022,34,15,07,27,32,RNG2RNG,
1305,07.10.2022,06,31,24,17,30,RNG2RNG,
1306,08.10.2022,34,20,06,29,10,RNG2RNG,
1307,09.10.2022,23,08,32,22,28,RNG2RNG,
1308,10.10.2022,13,35,08,09,31,RNG2RNG,
1309,11.10.2022,16,28,05,03,19,RNG2RNG,
1310,12.10.2022,16,12,09,36,21,RNG2RNG,
1311,13.10.2022,18,20,15,19,26,RNG2RNG,
1312,14.10.2022,06,27,28,10,14,RNG2RNG,
1313,15.10.2022,34,10,11,18,28,RNG2RNG,
1314,16.10.2022,02,18,33,11,13,RNG2RNG,
1315,17.10.2022,36,25,33,30,18,RNG2RNG,
1316,18.10.2022,30,04,19,14,15,RNG2RNG,
1317,19.10.2022,35,12,19,22,09,RNG2RNG,
1318,20.10.2022,04,07,08,17,01,RNG2RNG,
1319,21.10.2022,20,02,33,16,23,RNG2RNG,
1320,22.10.2022,17,31,25,14,11,RNG2RNG,
1321,23.10.2022,34,11,02,20,06,RNG2RNG,
1322,24.10.2022,14,18,12,07,04,RNG2RNG,
1323,25.10.2022,13,03,27,16,05,RNG2RNG,
1324,26.10.2022,10,11,08,29,24,RNG2RNG,
1325,27.10.2022,07,21,25,13,28,RNG2RNG,
1326,28.10.2022,08,33,10,19,36,RNG2RNG,
1327,29.10.2022,28,27,21,12,31,RNG2RNG,
1328,30.10.2022,28,24,20,02,29,RNG2RNG,
1329,31.10.2022,26,28,14,25,07,RNG2RNG,
1330,01.11.2022,08,35,36,21,26,RNG2RNG,
1331,02.11.2022,31,06,19,16,11,RNG2RNG,
1332,03.11.2022,30,09,13,18,19,RNG2RNG,
1333,04.11.2022,04,14,15,01,36,RNG2RNG,
1334,05.11.2022,31,22,36,13,12,RNG2RNG,
1335,06.11.2022,28,07,26,02,34,RNG2RNG,
1336,07.11.2022,21,02,04,12,28,RNG2RNG,
1337,08.11.2022,18,17,31,05,28,RNG2RNG,
1338,09.11.2022,05,15,33,25,27,RNG2RNG,
1339,10.11.2022,24,10,33,35,30,RNG2RNG,
1340,11.11.2022,28,24,07,20,17,RNG2RNG,
1341,12.11.2022,25,29,32,09,16,RNG2RNG,
1342,13.11.2022,03,15,02,22,09,RNG2RNG,
1343,14.11.2022,14,02,18,15,23,RNG2RNG,
1344,15.11.2022,31,24,10,11,03,RNG2RNG,
1345,16.11.2022,19,26,04,05,24,RNG2RNG,
1346,17.11.2022,04,18,06,24,25,RNG2RNG,
1347,18.11.2022,04,34,06,32,14,RNG2RNG,
1348,19.11.2022,28,07,23,01,04,RNG2RNG,
1349,20.11.2022,25,17,21,04,35,RNG2RNG,
1350,21.11.2022,21,32,12,07,10,RNG2RNG,
1351,22.11.2022,05,17,14,06,22,RNG2RNG,
1352,23.11.2022,07,06,29,16,34,RNG2RNG,
1353,24.11.2022,25,18,27,06,15,RNG2RNG,
1354,25.11.2022,25,36,06,13,28,RNG2RNG,
1355,26.11.2022,03,07,13,32,34,RNG2RNG,
1356,27.11.2022,30,26,27,15,35,RNG2RNG,
1357,28.11.2022,02,01,13,29,11,RNG2RNG,
1358,29.11.2022,11,05,14,06,27,RNG2RNG,
1359,30.11.2022,02,30,09,24,08,RNG2RNG,
1360,01.12.2022,26,20,17,23,15,RNG2RNG,
1361,02.12.2022,22,31,12,18,03,RNG2RNG,
1362,03.12.2022,35,30,28,34,06,RNG2RNG,
1363,04.12.2022,34,15,09,28,11,RNG2RNG,
1364,05.12.2022,10,29,23,11,36,RNG2RNG,
1365,06.12.2022,14,15,29,05,33,RNG2RNG,
1366,07.12.2022,03,26,35,34,28,RNG2RNG,
1367,08.12.2022,28,32,25,07,27,RNG2RNG,
1368,09.12.2022,26,21,17,35,09,RNG2RNG,
1369,10.12.2022,26,20,30,36,35,RNG2RNG,
1370,11.12.2022,03,06,12,05,32,RNG2RNG,
1371,12.12.2022,07,13,12,26,17,RNG2RNG,
1372,13.12.2022,06,01,02,10,19,RNG2RNG,
1373,14.12.2022,22,11,10,16,14,RNG2RNG,
1374,15.12.2022,16,25,10,21,26,RNG2RNG,
1375,16.12.2022,31,35,34,23,10,RNG2RNG,
1376,17.12.2022,24,31,18,34,28,RNG2RNG,
1377,18.12.2022,01,08,15,32,02,RNG2RNG,
1378,19.12.2022,13,01,04,03,26,RNG2RNG,
1379,20.12.2022,20,02,16,11,08,RNG2RNG,
1380,21.12.2022,28,17,26,32,19,RNG2RNG,
1381,22.12.2022,21,19,22,13,07,RNG2RNG,
1382,23.12.2022,12,27,29,01,26,RNG2RNG,
1383,24.12.2022,27,31,22,34,05,RNG2RNG,
1384,26.12.2022,23,17,10,12,05,RNG2RNG,
1385,27.12.2022,14,03,13,31,30,RNG2RNG,
1386,28.12.2022,07,31,05,30,08,RNG2RNG,
1387,29.12.2022,19,11,06,29,03,RNG2RNG,
1388,30.12.2022,13,02,21,31,26,RNG2RNG,
1389,31.12.2022,25,35,21,26,02,RNG2RNG,
1390,01.01.2023,33,27,01,26,11,RNG2RNG,
1391,02.01.2023,28,22,16,17,34,RNG2RNG,
1392,03.01.2023,34,17,19,26,16,RNG2RNG,
1393,04.01.2023,27,35,29,12,10,RNG2RNG,
1394,05.01.2023,01,13,12,16,11,RNG2RNG,
1395,06.01.2023,33,26,32,01,24,RNG2RNG,
1396,07.01.2023,31,27,13,01,28,RNG2RNG,
1397,08.01.2023,31,29,09,24,10,RNG2RNG,
1398,09.01.2023,13,27,09,30,23,RNG2RNG,
1399,10.01.2023,31,11,10,08,04,RNG2RNG,
1400,11.01.2023,25,01,35,05,17,RNG2RNG,
1401,12.01.2023,26,34,29,11,10,RNG2RNG,
1402,13.01.2023,13,19,07,30,06,RNG2RNG,
1403,14.01.2023,19,12,02,03,29,RNG2RNG,
1404,15.01.2023,28,06,12,31,25,RNG2RNG,
1405,16.01.2023,09,08,02,30,23,RNG2RNG,
1406,17.01.2023,13,28,06,18,21,RNG2RNG,
1407,18.01.2023,27,33,08,02,05,RNG2RNG,
1408,19.01.2023,23,01,35,32,31,RNG2RNG,
1409,20.01.2023,10,23,06,08,26,RNG2RNG,
1410,21.01.2023,15,20,13,06,24,RNG2RNG,
1411,22.01.2023,12,23,05,33,30,RNG2RNG,
1412,23.01.2023,16,25,04,27,19,RNG2RNG,
1413,24.01.2023,03,36,08,18,14,RNG2RNG,
1414,25.01.2023,04,08,17,07,06,RNG2RNG,
1415,26.01.2023,28,18,19,29,06,RNG2RNG,
1416,27.01.2023,05,02,04,14,20,RNG2RNG,
1417,28.01.2023,06,15,22,23,32,RNG2RNG,
1418,29.01.2023,27,28,10,25,13,RNG2RNG,
1419,30.01.2023,15,13,08,30,03,RNG2RNG,
1420,31.01.2023,15,33,30,08,23,RNG2RNG,
1421,01.02.2023,23,04,09,13,31,RNG2RNG,
1422,02.02.2023,02,21,16,07,12,RNG2RNG,
1423,03.02.2023,36,14,07,29,21,RNG2RNG,
1424,04.02.2023,36,19,03,21,14,RNG2RNG,
1425,05.02.2023,05,22,21,26,30,RNG2RNG,
1426,06.02.2023,29,21,25,07,05,RNG2RNG,
1427,07.02.2023,11,35,14,34,19,RNG2RNG,
1428,08.02.2023,05,21,18,01,31,RNG2RNG,
1429,09.02.2023,18,10,34,23,26,RNG2RNG,
1430,10.02.2023,10,30,01,19,15,RNG2RNG,
1431,11.02.2023,03,19,32,01,33,RNG2RNG,
1432,12.02.2023,05,14,08,03,21,RNG2RNG,
1433,13.02.2023,11,35,28,07,15,RNG2RNG,
1434,14.02.2023,14,10,34,18,22,RNG2RNG,
1435,15.02.2023,13,33,10,32,30,RNG2RNG,
1436,16.02.2023,34,15,03,08,36,RNG2RNG,
1437,17.02.2023,11,03,06,19,33,RNG2RNG,
1438,18.02.2023,19,15,29,06,16,RNG2RNG,
1439,19.02.2023,10,17,30,35,06,RNG2RNG,
1440,20.02.2023,16,34,33,02,19,RNG2RNG,
1441,21.02.2023,36,03,12,02,11,RNG2RNG,
1442,22.02.2023,22,07,15,05,10,RNG2RNG,
1443,23.02.2023,22,30,10,17,14,RNG2RNG,
1444,24.02.2023,06,04,19,25,21,RNG2RNG,
1445,25.02.2023,30,18,27,36,14,RNG2RNG,
1446,26.02.2023,09,04,14,06,17,RNG2RNG,
1447,27.02.2023,26,04,33,23,17,RNG2RNG,
1448,28.02.2023,30,35,29,36,25,RNG2RNG,
1449,01.03.2023,08,12,36,25,33,RNG2RNG,
1450,02.03.2023,35,24,33,06,11,RNG2RNG,
1451,03.03.2023,32,18,19,23,35,RNG2RNG,
1452,04.03.2023,18,14,23,16,34,RNG2RNG,
1453,05.03.2023,36,29,14,09,10,RNG2RNG,
1454,06.03.2023,22,23,17,07,26,RNG2RNG,
1455,07.03.2023,01,18,06,02,26,RNG2RNG,
1456,08.03.2023,03,25,15,18,10,RNG2RNG,
1457,09.03.2023,09,14,25,05,32,RNG2RNG,
1458,10.03.2023,24,26,02,34,04,RNG2RNG,
1459,11.03.2023,22,21,11,30,27,RNG2RNG,
1460,12.03.2023,24,14,22,09,29,RNG2RNG,
1461,13.03.2023,16,20,18,22,32,RNG2RNG,
1462,14.03.2023,20,17,02,13,24,RNG2RNG,
1463,15.03.2023,15,27,28,30,36,RNG2RNG,
1464,16.03.2023,26,21,20,18,05,RNG2RNG,
1465,17.03.2023,25,14,30,09,18,RNG2RNG,
1466,18.03.2023,04,25,35,19,10,RNG2RNG,
1467,19.03.2023,23,25,22,19,32,RNG2RNG,
1468,20.03.2023,15,31,19,30,11,RNG2RNG,
1469,21.03.2023,09,26,07,04,24,RNG2RNG,
1470,22.03.2023,32,19,04,29,20,RNG2RNG,
1471,23.03.2023,23,17,28,27,24,RNG2RNG,
1472,24.03.2023,10,34,24,09,02,RNG2RNG,
1473,25.03.2023,17,03,10,08,35,RNG2RNG,
1474,26.03.2023,17,01,14,28,09,RNG2RNG,
1475,27.03.2023,12,21,01,25,10,RNG2RNG,
1476,28.03.2023,23,07,33,02,12,RNG2RNG,
1477,29.03.2023,13,01,15,09,24,RNG2RNG,
1478,30.03.2023,10,08,02,05,04,RNG2RNG,
1479,31.03.2023,32,18,34,13,04,RNG2RNG,
1480,01.04.2023,23,04,29,02,18,RNG2RNG,
1481,02.04.2023,03,27,22,01,35,RNG2RNG,
1482,03.04.2023,04,20,19,13,29,RNG2RNG,
1483,04.04.2023,05,01,25,10,27,RNG2RNG,
1484,05.04.2023,11,22,19,05,27,RNG2RNG,
1485,06.04.2023,12,10,06,01,31,RNG2RNG,
1486,07.04.2023,27,04,21,02,36,RNG2RNG,
1487,08.04.2023,35,31,07,28,02,RNG2RNG,
1488,09.04.2023,35,25,19,16,15,RNG2RNG,
1489,10.04.2023,16,26,14,28,10,RNG2RNG,
1490,11.04.2023,29,35,04,24,20,RNG2RNG,
1491,12.04.2023,10,15,04,24,25,RNG2RNG,
1492,13.04.2023,05,32,01,20,19,RNG2RNG,
1493,14.04.2023,23,02,05,20,11,RNG2RNG,
1494,15.04.2023,22,19,10,06,09,RNG2RNG,
1495,16.04.2023,36,35,30,26,23,RNG2RNG,
1496,17.04.2023,35,02,09,11,19,RNG2RNG,
1497,18.04.2023,06,23,34,32,02,RNG2RNG,
1498,19.04.2023,06,10,23,09,35,RNG2RNG,
1499,20.04.2023,34,06,14,16,33,RNG2RNG,
1500,21.04.2023,32,08,26,25,27,RNG2RNG,
1501,22.04.2023,05,19,14,03,12,RNG2RNG,
1502,23.04.2023,19,35,13,22,33,RNG2RNG,
1503,24.04.2023,09,32,31,08,35,RNG2RNG,
1504,25.04.2023,28,32,07,12,27,RNG2RNG,
1505,26.04.2023,11,07,08,19,17,RNG2RNG,
1506,27.04.2023,32,11,17,06,01,RNG2RNG,
1507,28.04.2023,10,18,23,32,22,RNG2RNG,
1508,29.04.2023,34,03,20,12,17,RNG2RNG,
1509,30.04.2023,05,29,06,30,21,RNG2RNG,
1510,01.05.2023,32,33,07,35,12,RNG2RNG,
1511,02.05.2023,32,36,07,25,21,RNG3RNG,
1512,03.05.2023,21,35,14,04,11,RNG3RNG,
1513,04.05.2023,23,08,29,33,06,RNG3RNG,
1514,05.05.2023,36,34,15,32,14,RNG3RNG,
1515,06.05.2023,28,08,11,15,03,RNG3RNG,
1516,07.05.2023,05,13,16,19,28,RNG3RNG,
1517,08.05.2023,16,13,06,09,36,RNG3RNG,
1518,09.05.2023,01,26,11,13,36,RNG3RNG,
1519,10.05.2023,08,09,03,35,19,RNG3RNG,
1520,11.05.2023,10,14,22,32,17,RNG2RNG,
1521,12.05.2023,23,34,26,13,22,RNG2RNG,
1522,13.05.2023,30,28,31,10,03,RNG2RNG,
1523,14.05.2023,15,32,12,34,35,RNG2RNG,
1524,15.05.2023,17,05,29,32,02,RNG2RNG,
1525,16.05.2023,12,27,31,11,14,RNG2RNG,
1526,17.05.2023,14,34,11,27,01,RNG2RNG,
1527,18.05.2023,04,09,30,31,35,RNG2RNG,
1528,19.05.2023,04,33,20,07,36,RNG2RNG,
1529,20.05.2023,26,16,14,28,11,RNG2RNG,
1530,21.05.2023,11,04,05,33,15,RNG2RNG,
1531,22.05.2023,36,09,10,32,08,RNG2RNG,
1532,23.05.2023,07,23,27,13,01,RNG2RNG,
1533,24.05.2023,16,32,13,07,11,RNG2RNG,
1534,25.05.2023,05,10,23,03,12,RNG2RNG,
1535,26.05.2023,18,22,09,15,36,RNG2RNG,
1536,27.05.2023,22,12,20,13,02,RNG2RNG,
1537,28.05.2023,16,07,24,06,27,RNG2RNG,
1538,29.05.2023,09,11,14,24,25,RNG2RNG,
1539,30.05.2023,20,06,30,18,29,RNG2RNG,
1540,31.05.2023,15,31,20,05,01,RNG2RNG,
1541,01.06.2023,13,14,35,25,05,RNG2RNG,
1542,02.06.2023,08,14,24,10,07,RNG2RNG,
1543,03.06.2023,21,35,14,03,05,RNG2RNG,
1544,04.06.2023,34,11,35,17,16,RNG2RNG,
1545,05.06.2023,02,14,27,17,24,RNG2RNG,
1546,06.06.2023,34,18,13,32,03,RNG2RNG,
1547,07.06.2023,18,28,27,32,15,RNG2RNG,
1548,08.06.2023,28,36,25,11,21,RNG2RNG,
1549,09.06.2023,14,04,23,13,02,RNG2RNG,
1550,10.06.2023,20,23,36,10,32,RNG2RNG,
1551,11.06.2023,06,07,16,23,14,RNG2RNG,
1552,12.06.2023,21,16,34,12,15,RNG2RNG,
1553,13.06.2023,16,17,11,30,33,RNG2RNG,
1554,14.06.2023,13,18,02,12,23,RNG2RNG,
1555,15.06.2023,28,16,24,19,04,RNG2RNG,
1556,16.06.2023,34,08,32,22,24,RNG2RNG,
1557,17.06.2023,03,09,19,27,30,RNG2RNG,
1558,18.06.2023,15,32,25,30,11,RNG2RNG,
1559,19.06.2023,12,09,27,35,32,RNG2RNG,
1560,20.06.2023,08,09,13,31,07,RNG2RNG,
1561,21.06.2023,14,33,01,28,25,RNG2RNG,
1562,22.06.2023,23,21,27,24,10,RNG2RNG,
1563,23.06.2023,34,09,06,28,04,RNG2RNG,
1564,24.06.2023,15,27,34,33,13,RNG2RNG,
1565,25.06.2023,20,07,15,25,26,RNG2RNG,
1566,26.06.2023,12,15,25,27,10,RNG2RNG,
1567,27.06.2023,18,09,04,28,08,RNG2RNG,
1568,28.06.2023,07,25,13,27,36,RNG2RNG,
1569,29.06.2023,01,05,09,18,28,RNG2RNG,
1570,30.06.2023,02,26,11,12,25,RNG2RNG,
1571,01.07.2023,12,34,30,31,21,RNG2RNG,
1572,02.07.2023,35,12,18,04,06,RNG2RNG,
1573,03.07.2023,11,08,24,21,31,RNG2RNG,
1574,04.07.2023,34,26,11,28,33,RNG2RNG,
1575,05.07.2023,12,28,11,02,03,RNG2RNG,
1576,06.07.2023,03,20,09,31,22,RNG2RNG,
1577,07.07.2023,35,12,03,01,30,RNG2RNG,
1578,08.07.2023,19,01,17,28,21,RNG2RNG,
1579,09.07.2023,18,02,15,25,04,RNG2RNG,
1580,10.07.2023,05,12,22,19,04,RNG2RNG,
1581,11.07.2023,31,20,28,33,14,RNG2RNG,
1582,12.07.2023,31,16,23,27,24,RNG2RNG,
1583,13.07.2023,06,18,04,01,05,RNG2RNG,
1584,14.07.2023,20,30,16,24,35,RNG2RNG,
1585,15.07.2023,29,26,35,25,36,RNG2RNG,
1586,16.07.2023,27,30,07,25,14,RNG2RNG,
1587,17.07.2023,34,19,22,28,04,RNG2RNG,
1588,18.07.2023,25,27,33,10,23,RNG2RNG,
1589,19.07.2023,10,16,17,25,14,RNG2RNG,
1590,20.07.2023,04,16,21,25,07,RNG2RNG,
1591,21.07.2023,11,10,28,06,13,RNG2RNG,
1592,22.07.2023,13,01,29,16,26,RNG2RNG,
1593,23.07.2023,22,16,23,15,01,RNG2RNG,
1594,24.07.2023,24,08,22,12,14,RNG2RNG,
1595,25.07.2023,18,20,07,23,01,RNG2RNG,
1596,26.07.2023,07,27,14,08,35,RNG2RNG,
1597,27.07.2023,08,04,29,32,26,RNG2RNG,
1598,28.07.2023,15,30,34,06,08,RNG2RNG,
1599,29.07.2023,05,24,25,08,10,RNG2RNG,
1600,30.07.2023,16,26,05,13,01,RNG2RNG,
1601,31.07.2023,01,19,32,30,23,RNG2RNG,
1602,01.08.2023,11,17,10,32,13,RNG2RNG,
1603,02.08.2023,04,34,06,24,17,RNG2RNG,
1604,03.08.2023,14,05,02,20,30,RNG2RNG,
1605,04.08.2023,11,27,24,08,31,RNG2RNG,
1606,05.08.2023,05,08,28,33,23,RNG2RNG,
1607,06.08.2023,11,01,31,02,07,RNG2RNG,
1608,07.08.2023,22,05,34,01,29,RNG2RNG,
1609,08.08.2023,18,07,04,34,08,RNG2RNG,
1610,09.08.2023,35,17,08,26,11,RNG2RNG,
1611,10.08.2023,14,22,17,26,20,RNG2RNG,
1612,11.08.2023,33,05,30,27,16,RNG2RNG,
1613,12.08.2023,33,01,25,35,36,RNG2RNG,
1614,13.08.2023,28,15,33,14,16,RNG2RNG,
1615,14.08.2023,01,09,31,24,21,RNG2RNG,
1616,15.08.2023,14,34,10,06,15,RNG2RNG,
1617,16.08.2023,04,25,05,36,31,RNG2RNG,
1618,17.08.2023,11,17,01,02,32,RNG2RNG,
1619,18.08.2023,02,28,33,25,16,RNG2RNG,
1620,19.08.2023,11,21,32,18,13,RNG2RNG,
1621,20.08.2023,01,32,14,36,20,RNG2RNG,
1622,21.08.2023,12,05,08,18,06,RNG2RNG,
1623,22.08.2023,02,15,27,12,36,RNG2RNG,
1624,23.08.2023,12,03,22,23,14,RNG2RNG,
1625,24.08.2023,08,20,29,06,33,RNG2RNG,
1626,25.08.2023,13,21,28,29,35,RNG2RNG,
1627,26.08.2023,12,15,09,18,10,RNG2RNG,
1628,27.08.2023,12,20,26,08,28,RNG2RNG,
1629,28.08.2023,04,30,14,22,32,RNG2RNG,
1630,29.08.2023,25,11,24,06,22,RNG2RNG,
1631,30.08.2023,34,03,05,35,13,RNG2RNG,
1632,31.08.2023,26,11,31,07,04,RNG2RNG,
1633,01.09.2023,31,36,08,35,33,RNG2RNG,
1634,02.09.2023,12,24,33,02,25,RNG2RNG,
1635,03.09.2023,08,25,17,14,34,RNG2RNG,
1636,04.09.2023,08,01,22,10,13,RNG2RNG,
1637,05.09.2023,35,16,05,17,23,RNG2RNG,
1638,06.09.2023,17,04,24,15,26,RNG2RNG,
1639,07.09.2023,07,01,15,31,09,RNG2RNG,
1640,08.09.2023,06,24,36,10,23,RNG2RNG,
1641,09.09.2023,15,19,25,03,20,RNG2RNG,
1642,10.09.2023,01,19,09,14,13,RNG2RNG,
1643,11.09.2023,32,35,22,04,06,RNG2RNG,
1644,12.09.2023,32,15,04,29,11,RNG2RNG,
1645,13.09.2023,18,20,10,16,12,RNG2RNG,
1646,14.09.2023,12,08,16,22,28,RNG2RNG,
1647,15.09.2023,36,34,33,02,08,RNG2RNG,
1648,16.09.2023,30,12,35,05,09,RNG2RNG,
1649,17.09.2023,30,29,19,02,08,RNG2RNG,
1650,18.09.2023,31,32,30,03,04,RNG2RNG,
1651,19.09.2023,30,08,01,33,26,RNG2RNG,
1652,20.09.2023,09,18,26,07,31,RNG2RNG,
1653,21.09.2023,04,05,06,12,24,RNG2RNG,
1654,22.09.2023,16,10,30,28,13,RNG2RNG,
1655,23.09.2023,34,22,10,31,12,RNG2RNG,
1656,24.09.2023,09,26,15,28,08,RNG2RNG,
1657,25.09.2023,18,33,10,22,03,RNG2RNG,
1658,26.09.2023,27,10,07,02,26,RNG2RNG,
1659,27.09.2023,33,16,19,32,25,RNG2RNG,
1660,28.09.2023,30,09,10,05,23,RNG2RNG,
1661,29.09.2023,02,29,11,07,15,RNG2RNG,
1662,30.09.2023,24,07,03,36,17,RNG2RNG,
1663,01.10.2023,17,31,23,25,16,RNG2RNG,
1664,02.10.2023,17,07,05,22,01,RNG2RNG,
1665,03.10.2023,02,18,07,28,11,RNG2RNG,
1666,04.10.2023,16,05,08,17,36,RNG2RNG,
1667,05.10.2023,07,09,17,24,23,RNG2RNG,
1668,06.10.2023,14,05,12,27,26,RNG2RNG,
1669,07.10.2023,20,03,27,21,22,RNG2RNG,
1670,08.10.2023,14,02,08,23,32,RNG2RNG,
1671,09.10.2023,31,13,35,01,29,RNG2RNG,
1672,10.10.2023,10,34,03,31,13,RNG2RNG,
1673,11.10.2023,01,33,31,12,21,RNG2RNG,
1674,12.10.2023,11,13,07,09,06,RNG2RNG,
1675,13.10.2023,23,14,03,17,13,RNG2RNG,
1676,14.10.2023,14,12,18,19,22,RNG2RNG,
1677,15.10.2023,34,16,23,33,10,RNG2RNG,
1678,16.10.2023,20,27,17,22,03,RNG2RNG,
1679,17.10.2023,12,30,22,35,28,RNG2RNG,
1680,18.10.2023,29,17,30,22,32,RNG2RNG,
1681,19.10.2023,16,12,06,08,36,RNG2RNG,
1682,20.10.2023,21,01,03,30,13,RNG2RNG,
1683,21.10.2023,16,21,24,31,14,RNG2RNG,
1684,22.10.2023,15,06,14,12,02,RNG2RNG,
1685,23.10.2023,07,03,21,18,15,RNG3RNG,
1686,24.10.2023,09,18,03,16,34,RNG3RNG,
1687,25.10.2023,29,31,30,10,35,RNG3RNG,
1688,26.10.2023,22,01,12,03,28,RNG3RNG,
1689,27.10.2023,14,34,13,11,18,RNG3RNG,
1690,28.10.2023,16,06,07,22,31,RNG2RNG,
1691,29.10.2023,20,26,12,34,13,RNG2RNG,
1692,30.10.2023,10,33,31,36,02,RNG2RNG,
1693,31.10.2023,28,29,20,13,16,RNG2RNG,
1694,01.11.2023,17,29,09,26,13,RNG3RNG,
1695,02.11.2023,35,19,25,16,21,RNG3RNG,
1696,03.11.2023,18,20,21,28,15,RNG3RNG,
1697,04.11.2023,04,36,16,35,14,RNG3RNG,
1698,05.11.2023,21,34,04,17,23,RNG2RNG,
1699,06.11.2023,19,07,15,04,28,RNG2RNG,
1700,07.11.2023,36,01,18,05,07,RNG2RNG,
1701,08.11.2023,30,36,28,34,21,RNG2RNG,
1702,09.11.2023,20,11,13,25,16,RNG2RNG,
1703,10.11.2023,17,16,08,36,33,RNG2RNG,
1704,11.11.2023,27,19,12,35,29,RNG2RNG,
1705,12.11.2023,31,20,05,06,19,RNG2RNG,
1706,13.11.2023,36,22,31,13,33,RNG2RNG,
1707,14.11.2023,05,28,13,06,11,RNG2RNG,
1708,15.11.2023,17,05,22,36,11,RNG2RNG,
1709,16.11.2023,28,19,36,02,08,RNG2RNG,
1710,17.11.2023,20,12,31,33,06,RNG2RNG,
1711,18.11.2023,33,21,05,34,31,RNG2RNG,
1712,19.11.2023,23,28,20,10,08,RNG2RNG,
1713,20.11.2023,28,30,02,35,11,RNG2RNG,
1714,21.11.2023,06,07,03,01,30,RNG2RNG,
1715,22.11.2023,27,09,05,14,31,RNG2RNG,
1716,23.11.2023,03,21,33,28,24,RNG2RNG,
1717,24.11.2023,01,32,16,36,31,RNG2RNG,
1718,25.11.2023,04,24,20,07,01,RNG2RNG,
1719,26.11.2023,07,27,26,01,15,RNG2RNG,
1720,27.11.2023,23,29,15,04,14,RNG2RNG,
1721,28.11.2023,06,29,36,33,21,RNG2RNG,
1722,29.11.2023,18,19,31,35,26,RNG2RNG,
1723,30.11.2023,35,13,21,07,23,RNG2RNG,
1724,01.12.2023,17,09,29,19,16,RNG2RNG,
1725,02.12.2023,35,33,01,29,31,RNG2RNG,
1726,03.12.2023,09,01,22,25,20,RNG2RNG,
1727,04.12.2023,10,12,34,06,07,RNG2RNG,
1728,05.12.2023,31,27,05,19,08,RNG2RNG,
1729,06.12.2023,04,09,32,35,02,RNG2RNG,
1730,07.12.2023,27,18,23,24,13,RNG2RNG,
1731,08.12.2023,36,30,22,09,14,RNG2RNG,
1732,09.12.2023,33,32,13,22,34,RNG2RNG,
1733,10.12.2023,05,11,02,35,29,RNG2RNG,
1734,11.12.2023,06,20,15,13,21,RNG2RNG,
1735,12.12.2023,22,19,10,36,32,RNG2RNG,
1736,13.12.2023,24,22,32,04,23,RNG2RNG,
1737,14.12.2023,14,03,01,08,10,RNG2RNG,
1738,15.12.2023,14,36,03,17,23,RNG2RNG,
1739,16.12.2023,30,15,29,02,14,RNG2RNG,
1740,17.12.2023,11,17,27,16,21,RNG2RNG,
1741,18.12.2023,15,01,32,23,16,RNG2RNG,
1742,19.12.2023,21,01,07,09,34,RNG2RNG,
1743,20.12.2023,20,01,18,29,10,RNG2RNG,
1744,21.12.2023,11,10,15,33,06,RNG2RNG,
1745,22.12.2023,36,20,24,28,25,RNG2RNG,
1746,23.12.2023,23,06,18,29,34,RNG2RNG,
1747,24.12.2023,18,12,17,07,09,RNG2RNG,
1748,26.12.2023,19,16,35,36,14,RNG2RNG,
1749,27.12.2023,08,27,19,10,03,RNG2RNG,
1750,28.12.2023,30,03,06,32,19,RNG2RNG,
1751,29.12.2023,18,15,21,19,06,RNG2RNG,
1752,30.12.2023,26,22,20,09,01,RNG2RNG,
1753,31.12.2023,35,36,11,33,14,RNG2RNG,
1754,01.01.2024,17,14,03,32,02,RNG2RNG,
1755,02.01.2024,30,27,33,16,19,RNG2RNG,
1756,03.01.2024,34,31,25,02,10,RNG2RNG,
1757,04.01.2024,14,07,03,19,34,RNG2RNG,
1758,05.01.2024,06,34,18,29,03,RNG2RNG,
1759,06.01.2024,29,21,17,32,08,RNG2RNG,
1760,07.01.2024,25,31,20,04,29,RNG2RNG,
1761,08.01.2024,19,23,04,12,26,RNG2RNG,
1762,09.01.2024,17,27,03,13,06,RNG2RNG,
1763,10.01.2024,04,09,19,03,13,RNG2RNG,
1764,11.01.2024,14,09,27,32,18,RNG2RNG,
1765,12.01.2024,36,01,25,34,08,RNG2RNG,
1766,13.01.2024,11,09,07,30,05,RNG2RNG,
1767,14.01.2024,33,35,27,10,19,RNG2RNG,
1768,15.01.2024,33,27,05,25,34,RNG2RNG,
1769,16.01.2024,28,34,07,25,09,RNG2RNG,
1770,17.01.2024,20,03,33,24,17,RNG2RNG,
1771,18.01.2024,31,12,15,29,22,RNG2RNG,
1772,19.01.2024,32,09,10,35,21,RNG2RNG,
1773,20.01.2024,14,05,30,06,33,RNG2RNG,
1774,21.01.2024,19,22,18,04,01,RNG2RNG,
1775,22.01.2024,34,31,18,02,09,RNG2RNG,
1776,23.01.2024,23,22,25,15,36,RNG2RNG,
1777,24.01.2024,26,09,22,11,27,RNG2RNG,
1778,25.01.2024,03,11,01,32,12,RNG2RNG,
1779,26.01.2024,10,33,17,21,02,RNG2RNG,
1780,27.01.2024,14,10,27,29,32,RNG2RNG,
1781,28.01.2024,14,34,15,35,09,RNG2RNG,
1782,29.01.2024,11,22,10,08,23,RNG2RNG,
1783,30.01.2024,03,30,29,10,16,RNG2RNG,
1784,31.01.2024,12,04,29,10,09,RNG2RNG,
1785,01.02.2024,28,10,35,18,34,RNG2RNG,
1786,02.02.2024,11,13,20,33,16,RNG2RNG,
1787,03.02.2024,36,08,33,22,05,RNG2RNG,
1788,04.02.2024,01,18,23,11,02,RNG2RNG,
1789,05.02.2024,12,03,14,28,10,RNG2RNG,
1790,06.02.2024,16,32,33,21,08,RNG2RNG,
1791,07.02.2024,19,11,10,32,07,RNG2RNG,
1792,08.02.2024,27,33,16,02,24,RNG2RNG,
1793,09.02.2024,34,36,24,10,29,RNG2RNG,
1794,10.02.2024,29,16,24,07,12,RNG2RNG,
1795,11.02.2024,14,17,09,13,10,RNG2RNG,
1796,12.02.2024,14,30,27,03,34,RNG2RNG,
1797,13.02.2024,07,08,26,16,30,RNG2RNG,
1798,14.02.2024,36,04,29,01,10,RNG2RNG,
1799,15.02.2024,10,02,16,34,19,RNG2RNG,
1800,16.02.2024,14,18,32,01,20,RNG2RNG,
1801,17.02.2024,25,08,28,15,10,RNG2RNG,
1802,18.02.2024,16,17,33,06,05,RNG2RNG,
1803,19.02.2024,01,27,02,26,05,RNG2RNG,
1804,20.02.2024,30,32,22,07,13,RNG2RNG,
1805,21.02.2024,36,35,01,09,16,RNG2RNG,
1806,22.02.2024,29,15,05,13,16,RNG3RNG,
1807,23.02.2024,26,19,33,04,25,RNG3RNG,
1808,24.02.2024,01,15,02,11,20,RNG3RNG,
1809,25.02.2024,26,21,15,28,27,RNG3RNG,
1810,26.02.2024,04,36,32,03,09,RNG2RNG,
1811,27.02.2024,20,27,36,33,11,RNG2RNG,
1812,28.02.2024,29,04,17,27,26,RNG2RNG,
1813,29.02.2024,16,07,21,14,28,RNG2RNG,
1814,01.03.2024,20,22,29,24,31,RNG2RNG,
1815,02.03.2024,15,09,36,06,16,RNG2RNG,
1816,03.03.2024,15,06,07,34,24,RNG2RNG,
1817,04.03.2024,18,09,27,12,06,RNG2RNG,
1818,05.03.2024,04,06,03,08,23,RNG2RNG,
1819,06.03.2024,09,12,28,30,04,RNG2RNG,
1820,07.03.2024,28,22,03,13,12,RNG2RNG,
1821,08.03.2024,10,15,11,21,12,RNG2RNG,
1822,09.03.2024,16,11,20,29,18,RNG2RNG,
1823,10.03.2024,06,07,12,29,18,RNG2RNG,
1824,11.03.2024,09,04,16,12,21,RNG2RNG,
1825,12.03.2024,03,36,34,28,27,RNG2RNG,
1826,13.03.2024,04,29,08,15,13,RNG2RNG,
1827,14.03.2024,11,35,24,32,27,RNG2RNG,
1828,15.03.2024,23,08,34,04,24,RNG2RNG,
1829,16.03.2024,25,13,03,15,28,RNG2RNG,
1830,17.03.2024,19,26,28,04,05,RNG2RNG,
1831,18.03.2024,05,04,09,27,35,RNG2RNG,
1832,19.03.2024,19,16,24,09,18,RNG2RNG,
1833,20.03.2024,34,19,18,25,10,RNG2RNG,
1834,21.03.2024,17,30,08,22,21,RNG2RNG,
1835,22.03.2024,06,07,30,09,16,RNG2RNG,
1836,23.03.2024,08,07,31,20,24,RNG2RNG,
1837,24.03.2024,07,35,09,27,10,RNG2RNG,
1838,25.03.2024,04,15,33,08,35,RNG2RNG,
1839,26.03.2024,02,04,18,05,11,RNG2RNG,
1840,27.03.2024,01,08,10,03,28,RNG2RNG,
1841,28.03.2024,23,02,22,30,19,RNG2RNG,
1842,29.03.2024,13,27,11,23,02,RNG2RNG,
1843,30.03.2024,35,06,13,14,01,RNG2RNG,
1844,31.03.2024,06,04,05,09,11,RNG2RNG,
1845,01.04.2024,31,18,23,05,11,RNG2RNG,
1846,02.04.2024,24,31,36,33,14,RNG2RNG,
1847,03.04.2024,22,08,27,02,36,RNG2RNG,
1848,04.04.2024,08,21,29,26,01,RNG2RNG,
1849,05.04.2024,35,10,02,11,33,RNG2RNG,
1850,06.04.2024,35,04,33,30,17,RNG2RNG,
1851,07.04.2024,23,07,04,14,02,RNG2RNG,
1852,08.04.2024,08,11,28,31,14,RNG2RNG,
1853,09.04.2024,02,28,08,31,26,RNG2RNG,
1854,10.04.2024,06,35,21,27,10,RNG2RNG,
1855,11.04.2024,02,34,26,09,05,RNG2RNG,
1856,12.04.2024,34,19,09,31,11,RNG2RNG,
1857,13.04.2024,08,13,23,31,06,RNG2RNG,
1858,14.04.2024,31,26,02,34,07,RNG2RNG,
1859,15.04.2024,17,12,13,01,25,RNG2RNG,
1860,16.04.2024,22,27,09,04,02,RNG2RNG,
1861,17.04.2024,18,29,33,08,34,RNG2RNG,
1862,18.04.2024,28,19,34,33,15,RNG2RNG,
1863,19.04.2024,23,32,06,04,29,RNG2RNG,
1864,20.04.2024,14,33,28,08,17,RNG2RNG,
1865,21.04.2024,04,09,24,11,26,RNG2RNG,
1866,22.04.2024,04,36,10,13,12,RNG2RNG,
1867,23.04.2024,23,35,36,12,06,RNG2RNG,
1868,24.04.2024,26,03,33,28,05,RNG2RNG,
1869,25.04.2024,08,30,21,05,10,RNG2RNG,
1870,26.04.2024,09,06,17,07,30,RNG2RNG,
1871,27.04.2024,15,07,17,23,11,RNG2RNG,
1872,28.04.2024,06,34,29,09,31,RNG2RNG,
1873,29.04.2024,07,09,26,25,36,RNG2RNG,
1874,30.04.2024,35,32,22,30,01,RNG2RNG,
1875,01.05.2024,20,07,03,14,29,RNG2RNG,
1876,02.05.2024,29,08,25,02,31,RNG3RNG,
1877,03.05.2024,26,18,05,24,02,RNG3RNG,
1878,04.05.2024,09,34,23,24,32,RNG3RNG,
1879,05.05.2024,28,31,18,14,17,RNG3RNG,
1880,06.05.2024,03,06,31,11,10,RNG3RNG,
1881,07.05.2024,28,11,05,22,01,RNG2RNG,
1882,08.05.2024,08,26,28,18,22,RNG2RNG,
1883,09.05.2024,33,03,15,26,24,RNG2RNG,
1884,10.05.2024,04,01,18,33,05,RNG2RNG,
1885,11.05.2024,27,26,30,06,08,RNG2RNG,
1886,12.05.2024,29,11,31,08,07,RNG2RNG,
1887,13.05.2024,09,08,16,11,13,RNG2RNG,
1888,14.05.2024,24,07,20,25,18,RNG2RNG,
1889,15.05.2024,22,31,15,07,23,RNG2RNG,
1890,16.05.2024,28,15,26,12,32,RNG2RNG,
1891,17.05.2024,07,13,03,27,36,RNG2RNG,
1892,18.05.2024,07,17,13,36,11,RNG2RNG,
1893,19.05.2024,23,20,07,36,33,RNG2RNG,
1894,20.05.2024,36,09,35,31,16,RNG2RNG,
1895,21.05.2024,03,01,17,34,35,RNG2RNG,
1896,22.05.2024,35,33,18,30,04,RNG2RNG,
1897,23.05.2024,23,32,19,13,31,RNG2RNG,
1898,24.05.2024,36,22,20,29,17,RNG2RNG,
1899,25.05.2024,03,13,34,35,09,RNG2RNG,
1900,26.05.2024,02,22,18,04,09,RNG2RNG,
1901,27.05.2024,22,02,01,03,05,RNG2RNG,
1902,28.05.2024,16,06,31,25,19,RNG2RNG,
1903,29.05.2024,21,13,10,33,24,RNG2RNG,
1904,30.05.2024,08,04,03,21,33,RNG2RNG,
1905,31.05.2024,19,01,34,29,31,RNG2RNG,
1906,01.06.2024,22,08,13,24,03,RNG2RNG,
1907,02.06.2024,36,10,22,08,30,RNG2RNG,
1908,03.06.2024,17,26,02,36,10,RNG2RNG,
1909,04.06.2024,11,20,27,02,26,RNG2RNG,
1910,05.06.2024,13,06,01,29,10,RNG2RNG,
1911,06.06.2024,23,15,26,11,34,RNG2RNG,
1912,07.06.2024,04,25,13,22,18,RNG2RNG,
1913,08.06.2024,07,01,12,33,24,RNG2RNG,
1914,09.06.2024,21,03,23,29,18,RNG2RNG,
1915,10.06.2024,05,16,21,25,11,RNG2RNG,
1916,11.06.2024,29,08,09,25,01,RNG2RNG,
1917,12.06.2024,18,35,19,34,20,RNG2RNG,
1918,13.06.2024,35,34,36,24,05,RNG2RNG,
1919,14.06.2024,20,15,35,36,02,RNG2RNG,
1920,15.06.2024,21,18,31,04,16,RNG2RNG,
1921,16.06.2024,12,15,25,11,35,RNG2RNG,
1922,17.06.2024,34,11,14,04,02,RNG2RNG,
1923,18.06.2024,06,11,04,24,14,RNG2RNG,
1924,19.06.2024,24,32,07,23,09,RNG2RNG,
1925,20.06.2024,05,28,10,01,20,RNG2RNG,
1926,21.06.2024,15,34,07,18,17,RNG2RNG,
1927,22.06.2024,24,08,32,05,01,RNG2RNG,
1928,23.06.2024,21,23,09,08,12,RNG2RNG,
1929,24.06.2024,09,11,15,21,27,RNG2RNG,
1930,25.06.2024,30,27,07,23,10,RNG2RNG,
1931,26.06.2024,08,19,13,23,04,RNG2RNG,
1932,27.06.2024,02,13,03,12,34,RNG2RNG,
1933,28.06.2024,14,15,25,04,23,RNG2RNG,
1934,29.06.2024,33,36,11,10,21,RNG2RNG,
1935,30.06.2024,02,11,32,13,01,RNG2RNG,
1936,01.07.2024,18,31,32,16,25,RNG2RNG,
1937,02.07.2024,30,01,22,16,24,RNG2RNG,
1938,03.07.2024,17,31,13,11,34,RNG2RNG,
1939,04.07.2024,36,34,01,09,13,RNG2RNG,
1940,05.07.2024,32,24,10,08,27,RNG2RNG,
1941,06.07.2024,10,11,30,34,16,RNG2RNG,
1942,07.07.2024,30,12,16,15,14,RNG2RNG,
1943,08.07.2024,06,12,34,32,16,RNG2RNG,
1944,09.07.2024,15,17,28,31,03,RNG2RNG,
1945,10.07.2024,21,26,19,12,14,RNG2RNG,
1946,11.07.2024,28,13,15,25,04,RNG3RNG,
1947,12.07.2024,30,20,35,09,15,RNG3RNG,
1948,13.07.2024,06,07,30,14,17,RNG3RNG,
1949,14.07.2024,34,16,32,10,25,RNG3RNG,
1950,15.07.2024,22,01,29,04,32,RNG3RNG,
1951,16.07.2024,07,01,18,35,11,RNG2RNG,
1952,17.07.2024,30,02,23,35,19,RNG2RNG,
1953,18.07.2024,36,26,25,32,04,RNG2RNG,
1954,19.07.2024,26,11,22,24,32,RNG2RNG,
1955,20.07.2024,20,17,32,36,24,RNG2RNG,
1956,21.07.2024,28,30,04,14,02,RNG2RNG,
1957,22.07.2024,36,34,15,30,11,RNG2RNG,
1958,23.07.2024,10,34,06,14,32,RNG2RNG,
1959,24.07.2024,33,14,11,07,16,RNG2RNG,
1960,25.07.2024,06,17,08,33,19,RNG2RNG,
1961,26.07.2024,27,11,31,07,04,RNG2RNG,
1962,27.07.2024,33,19,32,10,25,RNG2RNG,
1963,28.07.2024,01,03,04,12,32,RNG2RNG,
1964,29.07.2024,24,35,16,27,03,RNG2RNG,
1965,30.07.2024,26,20,11,23,05,RNG2RNG,
1966,31.07.2024,11,02,16,04,27,RNG2RNG,
1967,01.08.2024,08,16,35,10,09,RNG2RNG,
1968,02.08.2024,11,25,15,16,01,RNG2RNG,
1969,03.08.2024,21,19,01,25,23,RNG2RNG,
1970,04.08.2024,15,21,14,06,07,RNG2RNG,
1971,05.08.2024,27,01,23,09,20,RNG2RNG,
1972,06.08.2024,05,19,14,25,17,RNG2RNG,
1973,07.08.2024,24,17,33,01,10,RNG2RNG,
1974,08.08.2024,15,36,28,25,29,RNG2RNG,
1975,09.08.2024,08,36,32,22,14,RNG2RNG,
1976,10.08.2024,10,31,26,01,04,RNG2RNG,
1977,11.08.2024,08,04,19,07,26,RNG2RNG,
1978,12.08.2024,16,22,20,11,05,RNG2RNG,
1979,13.08.2024,30,02,33,22,03,RNG2RNG,
1980,14.08.2024,15,25,20,29,34,RNG2RNG,
1981,15.08.2024,32,29,19,13,03,RNG2RNG,
1982,16.08.2024,24,11,36,30,10,RNG2RNG,
1983,17.08.2024,21,34,27,33,07,RNG2RNG,
1984,18.08.2024,07,31,32,28,01,RNG2RNG,
1985,19.08.2024,33,14,12,34,22,RNG2RNG,
1986,20.08.2024,21,24,28,18,04,RNG2RNG,
1987,21.08.2024,22,28,34,27,05,RNG2RNG,
1988,22.08.2024,12,07,06,24,08,RNG2RNG,
1989,23.08.2024,24,29,11,02,16,RNG2RNG,
1990,24.08.2024,25,11,21,13,34,RNG2RNG,
1991,25.08.2024,06,31,15,23,27,RNG2RNG,
1992,26.08.2024,05,32,10,31,17,RNG2RNG,
1993,27.08.2024,17,27,04,02,14,RNG2RNG,
1994,28.08.2024,26,32,18,30,17,RNG2RNG,
1995,29.08.2024,35,16,26,01,29,RNG2RNG,
1996,30.08.2024,02,34,27,16,05,RNG2RNG,
1997,31.08.2024,08,34,17,35,31,RNG2RNG,
1998,01.09.2024,31,30,34,13,15,RNG2RNG,
1999,02.09.2024,04,06,08,25,14,RNG2RNG,
2000,03.09.2024,06,18,17,16,09,RNG2RNG,
2001,04.09.2024,25,32,20,14,24,RNG2RNG,
2002,05.09.2024,28,23,11,33,13,RNG2RNG,
2003,06.09.2024,11,29,23,36,22,RNG2RNG,
2004,07.09.2024,14,13,21,31,24,RNG2RNG,
2005,08.09.2024,06,26,23,27,29,RNG2RNG,
2006,09.09.2024,35,15,11,20,36,RNG2RNG,
2007,10.09.2024,01,09,24,13,31,RNG2RNG,
2008,11.09.2024,21,34,01,11,13,RNG2RNG,
2009,12.09.2024,36,12,14,24,10,RNG2RNG,
2010,13.09.2024,17,28,29,26,04,RNG2RNG,
2011,14.09.2024,23,29,19,17,31,RNG2RNG,
2012,15.09.2024,35,21,25,10,36,RNG2RNG,
2013,16.09.2024,07,09,20,10,28,RNG2RNG,
2014,17.09.2024,19,34,23,02,18,RNG2RNG,
2015,18.09.2024,01,17,04,11,15,RNG2RNG,
2016,19.09.2024,33,22,08,10,32,RNG2RNG,
2017,20.09.2024,12,07,25,13,02,RNG2RNG,
2018,21.09.2024,28,06,33,01,15,RNG2RNG,
2019,22.09.2024,10,14,06,05,02,RNG2RNG,
2020,23.09.2024,32,03,31,11,07,RNG2RNG,
2021,24.09.2024,09,10,17,14,11,RNG2RNG,
2022,25.09.2024,33,20,11,35,19,RNG2RNG,
2023,26.09.2024,30,01,15,32,31,RNG2RNG,
2024,27.09.2024,35,04,34,25,16,RNG2RNG,
2025,28.09.2024,07,02,08,12,13,RNG2RNG,
2026,29.09.2024,18,17,25,10,35,RNG2RNG,
2027,30.09.2024,17,16,13,15,35,RNG2RNG,
2028,01.10.2024,22,23,32,28,34,RNG2RNG,
2029,02.10.2024,34,29,30,11,02,RNG2RNG,
2030,03.10.2024,02,03,01,25,31,RNG2RNG,
2031,04.10.2024,33,17,32,29,30,RNG2RNG,
2032,05.10.2024,31,30,12,05,35,RNG2RNG,
2033,06.10.2024,36,23,35,33,13,RNG2RNG,
2034,07.10.2024,34,07,29,03,32,RNG2RNG,
2035,08.10.2024,13,19,15,24,06,RNG2RNG,
2036,09.10.2024,13,25,23,11,22,RNG2RNG,
2037,10.10.2024,10,34,26,11,04,RNG2RNG,
2038,11.10.2024,07,25,21,26,05,RNG2RNG,
2039,12.10.2024,01,09,33,02,27,RNG2RNG,
2040,13.10.2024,25,08,26,04,36,RNG2RNG,
2041,14.10.2024,14,36,22,25,28,RNG2RNG,
2042,15.10.2024,27,33,25,30,22,RNG2RNG,
2043,16.10.2024,16,14,07,05,25,RNG2RNG,
2044,17.10.2024,28,06,32,07,08,RNG2RNG,
2045,18.10.2024,12,26,20,07,04,RNG2RNG,
2046,19.10.2024,13,10,30,08,23,RNG2RNG,
2047,20.10.2024,30,33,29,11,01,RNG2RNG,
2048,21.10.2024,05,26,22,17,07,RNG2RNG,
2049,22.10.2024,02,04,01,33,26,RNG2RNG,
2050,23.10.2024,26,33,03,16,24,RNG2RNG,
2051,24.10.2024,08,28,30,11,23,RNG2RNG,
2052,25.10.2024,06,25,14,11,24,RNG2RNG,
2053,26.10.2024,33,31,10,23,05,RNG2RNG,
2054,27.10.2024,20,15,16,30,29,RNG2RNG,
2055,28.10.2024,14,22,16,30,25,RNG2RNG,
2056,29.10.2024,36,07,24,15,23,RNG2RNG,
2057,30.10.2024,15,28,17,36,26,RNG2RNG,
2058,31.10.2024,26,27,31,06,08,RNG2RNG,
2059,01.11.2024,20,15,19,29,18,RNG2RNG,
2060,02.11.2024,04,03,29,24,18,RNG2RNG,
2061,03.11.2024,35,31,17,03,04,RNG2RNG,
2062,04.11.2024,11,05,12,36,28,RNG2RNG,
2063,05.11.2024,13,24,04,03,23,RNG2RNG,
2064,06.11.2024,34,24,29,27,30,RNG2RNG,
2065,07.11.2024,25,18,15,12,04,RNG2RNG,
2066,08.11.2024,16,19,05,11,17,RNG2RNG,
2067,09.11.2024,10,24,07,15,04,RNG2RNG,
2068,10.11.2024,21,18,20,07,34,RNG2RNG,
2069,11.11.2024,35,12,11,02,23,RNG2RNG,
2070,12.11.2024,21,34,16,29,22,RNG2RNG,
2071,13.11.2024,14,23,28,09,02,RNG2RNG,
2072,14.11.2024,21,09,32,34,25,RNG2RNG,
2073,15.11.2024,08,31,29,20,19,RNG2RNG,
2074,16.11.2024,18,36,19,01,33,RNG2RNG,
2075,17.11.2024,06,10,22,28,25,RNG2RNG,
2076,18.11.2024,21,07,32,02,16,RNG2RNG,
2077,19.11.2024,16,19,36,08,06,RNG2RNG,
2078,20.11.2024,23,30,35,28,13,RNG2RNG,
2079,21.11.2024,01,13,02,07,21,RNG2RNG,
2080,22.11.2024,12,02,25,09,32,RNG2RNG,
2081,23.11.2024,13,21,34,01,18,RNG2RNG,
2082,24.11.2024,23,11,33,14,18,RNG2RNG,
2083,25.11.2024,02,18,20,17,04,RNG2RNG,
2084,26.11.2024,21,08,20,35,30,RNG2RNG,
2085,27.11.2024,18,05,31,06,29,RNG2RNG,
2086,28.11.2024,06,08,36,26,35,RNG2RNG,
2087,29.11.2024,13,27,20,24,17,RNG2RNG,
2088,30.11.2024,36,28,24,30,17,RNG2RNG,
2089,01.12.2024,15,24,28,18,05,RNG2RNG,
2090,02.12.2024,16,26,02,10,08,RNG2RNG,
2091,03.12.2024,02,36,01,20,29,RNG2RNG,
2092,04.12.2024,06,01,20,22,08,RNG2RNG,
2093,05.12.2024,21,27,25,03,09,RNG2RNG,
2094,06.12.2024,05,17,18,08,35,RNG2RNG,
2095,07.12.2024,32,14,08,25,36,RNG2RNG,
2096,08.12.2024,14,20,32,36,18,RNG2RNG,
2097,09.12.2024,12,25,31,35,02,RNG2RNG,
2098,10.12.2024,20,35,05,28,11,RNG2RNG,
2099,11.12.2024,06,28,09,07,18,RNG2RNG,
2100,12.12.2024,16,26,19,27,36,RNG2RNG,
2101,13.12.2024,12,27,07,33,19,RNG2RNG,
2102,14.12.2024,17,28,06,22,31,RNG2RNG,
2103,15.12.2024,14,19,30,02,10,RNG2RNG,
2104,16.12.2024,27,36,25,18,05,RNG2RNG,
2105,17.12.2024,06,17,09,27,21,RNG2RNG,
2106,18.12.2024,29,15,33,04,27,RNG2RNG,
2107,19.12.2024,20,03,33,15,24,RNG2RNG,
2108,20.12.2024,15,11,14,25,09,RNG2RNG,
2109,21.12.2024,01,23,03,10,18,RNG2RNG,
2110,22.12.2024,04,33,03,08,32,RNG2RNG,
2111,23.12.2024,18,28,08,01,14,RNG2RNG,
2112,24.12.2024,23,14,34,27,30,RNG2RNG,
2113,26.12.2024,14,05,32,23,36,RNG2RNG,
2114,27.12.2024,17,29,24,02,12,RNG2RNG,
2115,28.12.2024,18,10,21,06,01,RNG2RNG,
2116,29.12.2024,02,05,32,20,35,RNG2RNG,
2117,30.12.2024,10,27,21,30,31,RNG2RNG,
2118,31.12.2024,07,28,19,18,30,RNG2RNG,
2119,01.01.2025,10,35,08,34,36,RNG2RNG,
2120,02.01.2025,33,16,02,08,32,RNG2RNG,
2121,03.01.2025,06,36,01,29,27,RNG2RNG,
2122,04.01.2025,30,27,25,12,35,RNG2RNG,
2123,05.01.2025,03,05,28,09,12,RNG2RNG,
2124,06.01.2025,31,33,06,13,21,RNG2RNG,
2125,07.01.2025,15,20,23,19,34,RNG2RNG,
2126,08.01.2025,32,20,13,07,02,RNG2RNG,
2127,09.01.2025,24,27,06,23,07,RNG2RNG,
2128,10.01.2025,14,20,07,16,12,RNG2RNG,
2129,11.01.2025,17,35,09,28,12,RNG2RNG,
2130,12.01.2025,07,20,34,12,33,RNG2RNG,
2131,13.01.2025,29,16,03,21,11,RNG2RNG,
2132,14.01.2025,12,06,15,13,01,RNG2RNG,
2133,15.01.2025,33,03,12,02,18,RNG2RNG,
2134,16.01.2025,13,27,26,28,24,RNG2RNG,
2135,17.01.2025,31,26,11,14,18,RNG2RNG,
2136,18.01.2025,11,10,09,14,20,RNG2RNG,
2137,19.01.2025,23,13,15,32,07,RNG2RNG,
2138,20.01.2025,06,23,08,05,28,RNG2RNG,
2139,21.01.2025,32,05,23,20,22,RNG2RNG,
2140,22.01.2025,25,11,29,31,33,RNG2RNG,
2141,23.01.2025,18,28,17,07,09,RNG2RNG,
2142,24.01.2025,30,29,14,27,33,RNG2RNG,
2143,25.01.2025,22,02,04,28,03,RNG2RNG,
2144,26.01.2025,34,01,35,13,17,RNG2RNG,
2145,27.01.2025,17,04,02,34,05,RNG2RNG,
2146,28.01.2025,33,27,09,28,20,RNG2RNG,
2147,29.01.2025,10,29,28,33,14,RNG2RNG,
2148,30.01.2025,36,24,09,35,02,RNG2RNG,
2149,31.01.2025,01,26,03,08,28,RNG2RNG,
2150,01.02.2025,35,04,14,28,06,RNG3RNG,
2151,02.02.2025,19,14,35,31,26,RNG3RNG,
2152,03.02.2025,03,10,07,28,08,RNG3RNG,
2153,04.02.2025,23,36,15,13,25,RNG3RNG,
2154,05.02.2025,19,17,35,08,29,RNG3RNG,
2155,06.02.2025,19,25,30,14,06,RNG3RNG,
2156,07.02.2025,26,04,21,02,03,RNG3RNG,
2157,08.02.2025,15,10,20,17,23,RNG3RNG,
2158,09.02.2025,33,09,31,01,27,RNG3RNG,
2159,10.02.2025,15,18,26,09,21,RNG3RNG,
2160,11.02.2025,29,27,33,01,26,RNG3RNG,
2161,12.02.2025,08,01,03,11,27,RNG3RNG,
2162,13.02.2025,16,21,19,23,18,RNG3RNG,
2163,14.02.2025,01,27,10,31,05,RNG3RNG,
2164,15.02.2025,06,34,28,17,02,RNG3RNG,
2165,16.02.2025,16,30,24,07,26,RNG3RNG,
2166,17.02.2025,19,33,18,34,20,RNG3RNG,
2167,18.02.2025,04,21,28,02,17,RNG2RNG,
2168,19.02.2025,12,25,04,33,17,RNG2RNG,
2169,20.02.2025,35,06,25,26,03,RNG2RNG,
2170,21.02.2025,15,12,27,17,22,RNG2RNG,
2171,22.02.2025,30,24,07,03,09,RNG2RNG,
2172,23.02.2025,32,36,22,27,12,RNG2RNG,
2173,24.02.2025,32,02,36,30,06,RNG2RNG,
2174,25.02.2025,36,34,02,13,20,RNG2RNG,
2175,26.02.2025,03,18,34,25,36,RNG2RNG,
2176,27.02.2025,31,04,20,13,32,RNG2RNG,
2177,28.02.2025,33,30,09,16,19,RNG2RNG,
2178,01.03.2025,05,22,25,29,23,RNG2RNG,
2179,02.03.2025,23,30,36,04,13,RNG2RNG,
2180,03.03.2025,18,16,24,19,22,RNG2RNG,
2181,04.03.2025,27,23,21,14,16,RNG2RNG,
2182,05.03.2025,08,01,36,03,16,RNG2RNG,
2183,06.03.2025,09,14,16,01,27,RNG2RNG,
2184,07.03.2025,16,06,22,36,30,RNG2RNG,
2185,08.03.2025,35,07,33,20,06,RNG2RNG,
2186,09.03.2025,12,05,19,36,32,RNG2RNG,
2187,10.03.2025,10,12,01,21,06,RNG2RNG,
2188,11.03.2025,16,31,10,06,09,RNG2RNG,
2189,12.03.2025,34,30,15,19,18,RNG2RNG,
2190,13.03.2025,33,12,32,25,29,RNG2RNG,
2191,14.03.2025,33,27,17,16,35,RNG2RNG,
2192,15.03.2025,36,17,29,09,23,RNG2RNG,
2193,16.03.2025,30,21,04,25,12,RNG2RNG,
2194,17.03.2025,07,03,34,35,23,RNG2RNG,
2195,18.03.2025,33,04,27,23,25,RNG2RNG,
2196,19.03.2025,08,35,18,26,29,RNG2RNG,
2197,20.03.2025,10,01,22,04,19,RNG2RNG,
2198,21.03.2025,13,36,02,06,21,RNG2RNG,
2199,22.03.2025,23,14,13,08,24,RNG2RNG,
2200,23.03.2025,27,05,25,11,09,RNG2RNG,
2201,24.03.2025,05,07,17,28,13,RNG2RNG,
2202,25.03.2025,11,21,35,27,15,RNG2RNG,
2203,26.03.2025,04,01,03,12,08,RNG2RNG,
2204,27.03.2025,23,22,11,08,05,RNG2RNG,
2205,28.03.2025,06,16,30,11,05,RNG2RNG,
2206,29.03.2025,04,07,16,26,19,RNG2RNG,
2207,30.03.2025,12,20,28,03,14,RNG2RNG,
2208,31.03.2025,05,35,10,31,16,RNG2RNG,
2209,01.04.2025,20,32,24,27,31,RNG2RNG,
2210,02.04.2025,24,11,26,07,09,RNG2RNG,
2211,03.04.2025,15,34,23,17,35,RNG2RNG,
2212,04.04.2025,14,29,02,17,13,RNG2RNG,
2213,05.04.2025,31,28,02,19,17,RNG2RNG,
2214,06.04.2025,24,15,01,08,33,RNG2RNG,
2215,07.04.2025,17,34,32,10,13,RNG2RNG,
2216,08.04.2025,30,04,17,26,02,RNG2RNG,
2217,09.04.2025,05,15,32,24,03,RNG2RNG,
2218,10.04.2025,12,07,09,17,02,RNG2RNG,
2219,11.04.2025,28,10,03,25,13,RNG2RNG,
2220,12.04.2025,17,14,35,02,27,RNG2RNG,
2221,13.04.2025,36,24,21,35,25,RNG2RNG,
2222,14.04.2025,25,31,07,19,05,RNG2RNG,
2223,15.04.2025,26,03,08,33,12,RNG2RNG,
2224,16.04.2025,23,33,17,09,13,RNG2RNG,
2225,17.04.2025,10,02,12,28,20,RNG2RNG,
2226,18.04.2025,28,09,03,02,31,RNG2RNG,
2227,19.04.2025,23,01,07,09,24,RNG2RNG,
2228,20.04.2025,34,25,10,27,32,RNG2RNG,
2229,21.04.2025,13,33,15,28,17,RNG2RNG,
2230,22.04.2025,11,09,22,29,21,RNG2RNG,
2231,23.04.2025,03,25,30,05,01,RNG2RNG,
2232,24.04.2025,32,34,28,35,27,RNG2RNG,
2233,25.04.2025,04,30,07,21,27,RNG2RNG,
2234,26.04.2025,15,21,27,03,33,RNG2RNG,
2235,27.04.2025,14,17,24,11,21,RNG2RNG,
2236,28.04.2025,13,01,04,35,28,RNG2RNG,
2237,29.04.2025,04,11,09,30,14,RNG2RNG,
2238,30.04.2025,03,10,22,18,25,RNG2RNG,
2239,01.05.2025,03,19,35,22,25,RNG2RNG,
2240,02.05.2025,24,11,19,13,04,RNG2RNG,
2241,03.05.2025,06,26,04,28,24,RNG2RNG,
2242,04.05.2025,20,26,35,14,31,RNG2RNG,
2243,05.05.2025,02,15,13,27,35,RNG2RNG,
2244,06.05.2025,14,27,06,07,03,RNG2RNG,
2245,07.05.2025,04,07,27,08,02,RNG2RNG,
2246,08.05.2025,18,23,35,27,32,RNG2RNG,
2247,09.05.2025,15,02,01,11,26,RNG2RNG,
2248,10.05.2025,09,23,21,19,28,RNG2RNG,
2249,11.05.2025,02,18,20,19,21,RNG2RNG,
2250,12.05.2025,16,04,36,01,31,RNG2RNG,
2251,13.05.2025,01,05,19,31,35,RNG2RNG,
2252,14.05.2025,34,02,35,03,17,RNG2RNG,
2253,15.05.2025,12,06,15,03,02,RNG2RNG,
2254,16.05.2025,19,18,31,01,32,RNG2RNG,
2255,17.05.2025,13,08,01,06,04,RNG2RNG,
2256,18.05.2025,33,19,21,16,09,RNG2RNG,
2257,19.05.2025,16,24,10,07,35,RNG2RNG,
2258,20.05.2025,29,28,13,30,16,RNG2RNG,
2259,21.05.2025,11,13,18,01,30,RNG2RNG,
2260,22.05.2025,33,01,06,23,26,RNG2RNG,
2261,23.05.2025,20,12,15,02,03,RNG2RNG,
2262,24.05.2025,35,04,34,27,15,RNG2RNG,
2263,25.05.2025,04,24,11,01,20,RNG2RNG,
2264,26.05.2025,16,05,15,07,14,RNG2RNG,
2265,27.05.2025,08,09,01,36,24,RNG2RNG,
2266,28.05.2025,03,13,15,27,12,RNG2RNG,
2267,29.05.2025,21,07,18,03,02,RNG2RNG,
2268,30.05.2025,11,22,25,09,13,RNG2RNG,
2269,31.05.2025,06,24,12,35,23,RNG2RNG,
2270,01.06.2025,25,16,29,15,21,S-J-PRD-S2S-TD1,RNG,
2271,02.06.2025,35,18,23,24,09,S-J-PRD-S2S-TD1,RNG,
2272,03.06.2025,01,30,13,22,03,RNG,RNG,
2273,04.06.2025,26,11,02,10,12,RNG,RNG,
2274,05.06.2025,07,27,35,22,15,RNG,RNG,
2275,06.06.2025,22,12,07,04,29,RNG,RNG,
2276,07.06.2025,26,13,07,02,33,RNG,RNG,
2277,08.06.2025,19,06,32,18,20,RNG,RNG,
2278,09.06.2025,32,18,03,11,35,RNG,RNG,
2279,10.06.2025,15,36,12,29,03,RNG,RNG,
2280,11.06.2025,14,31,11,04,32,RNG,RNG,
2281,12.06.2025,21,19,31,23,04,RNG,RNG,
2282,13.06.2025,18,35,20,02,15,RNG,RNG,
2283,14.06.2025,05,30,04,19,13,RNG,RNG,
2284,15.06.2025,31,11,20,09,14,RNG,RNG,
2285,16.06.2025,21,16,01,03,08,RNG,RNG,
2286,17.06.2025,10,35,21,30,27,RNG,RNG,
2287,18.06.2025,27,03,19,26,13,RNG,RNG,
2288,19.06.2025,34,17,33,20,21,RNG,RNG,
2289,20.06.2025,04,18,20,36,02,RNG,RNG,
2290,21.06.2025,20,24,27,03,07,RNG,RNG,
2291,22.06.2025,35,10,32,13,27,RNG,RNG,
2292,23.06.2025,19,12,27,04,05,RNG,RNG,
2293,24.06.2025,17,08,35,31,25,RNG,RNG,
2294,25.06.2025,13,02,03,28,26,RNG,RNG,
2295,26.06.2025,33,35,18,11,14,RNG,RNG,
2296,27.06.2025,31,19,28,33,09,RNG,RNG,
2297,28.06.2025,33,31,11,07,35,RNG,RNG,
2298,29.06.2025,09,11,22,07,21,RNG,RNG,
2299,30.06.2025,06,28,12,19,20,RNG,RNG,
2300,01.07.2025,28,21,11,32,30,RNG,RNG,
2301,02.07.2025,28,36,26,16,11,RNG,RNG,
2302,03.07.2025,18,15,05,33,03,RNG,RNG,
2303,04.07.2025,35,10,32,26,22,RNG,RNG,
2304,05.07.2025,30,24,09,18,04,RNG,RNG,
2305,06.07.2025,11,32,05,33,07,RNG,RNG,
2306,07.07.2025,03,33,28,01,22,RNG,RNG,
2307,08.07.2025,31,20,33,28,02,RNG,RNG,
2308,09.07.2025,32,35,10,04,12,RNG,RNG,
2309,10.07.2025,24,09,03,27,20,RNG,RNG,
2310,11.07.2025,14,36,06,22,08,RNG,RNG,
2311,12.07.2025,17,13,32,25,04,RNG,RNG,
2312,13.07.2025,24,05,01,23,13,RNG,RNG,
2313,14.07.2025,26,29,17,32,06,RNG,RNG,
2314,15.07.2025,18,16,26,30,24,RNG,RNG,
2315,16.07.2025,30,05,22,10,20,RNG,RNG,
2316,17.07.2025,28,07,36,05,04,RNG,RNG,
2317,18.07.2025,02,33,15,19,17,RNG,RNG,
2318,19.07.2025,08,19,06,11,03,RNG,RNG,
2319,20.07.2025,06,36,31,28,24,RNG,RNG,
2320,21.07.2025,29,01,17,19,03,RNG,RNG,
2321,22.07.2025,02,17,20,14,31,RNG,RNG,
2322,23.07.2025,30,06,15,19,13,RNG,RNG,
2323,24.07.2025,29,14,31,27,10,RNG,RNG,
2324,25.07.2025,28,02,34,06,30,RNG,RNG,
2325,26.07.2025,14,16,23,29,21,RNG,RNG,
2326,27.07.2025,25,28,17,14,32,RNG,RNG,
2327,28.07.2025,36,23,22,10,33,RNG,RNG,
2328,29.07.2025,27,26,14,12,28,RNG,RNG,
2329,30.07.2025,10,20,03,12,15,RNG,RNG,
2330,31.07.2025,24,09,05,14,21,RNG,RNG,
2331,01.08.2025,14,27,25,20,09,RNG,RNG,
2332,02.08.2025,04,12,05,27,19,RNG,RNG,
2333,03.08.2025,19,22,05,06,10,RNG,RNG,
2334,04.08.2025,22,07,17,06,05,RNG,RNG,
2335,05.08.2025,10,24,13,25,01,RNG,RNG,
2336,06.08.2025,35,11,29,04,02,RNG,RNG,
2337,07.08.2025,30,35,15,14,33,RNG,RNG,
2338,08.08.2025,04,03,19,15,13,RNG,RNG,
2339,09.08.2025,29,15,30,10,04,RNG,RNG,
2340,10.08.2025,02,16,28,22,18,RNG,RNG,
2341,11.08.2025,29,10,12,26,34,RNG,RNG,
2342,12.08.2025,02,08,03,14,34,RNG,RNG,
2343,13.08.2025,19,31,14,03,15,RNG,RNG,
2344,14.08.2025,29,12,16,21,19,RNG,RNG,
2345,15.08.2025,15,26,24,14,35,RNG,RNG,
2346,16.08.2025,26,09,18,23,05,RNG,RNG,
2347,17.08.2025,29,19,05,26,30,RNG,RNG,
2348,18.08.2025,30,10,25,12,18,RNG,RNG,
2349,19.08.2025,04,08,17,20,13,RNG,RNG,
2350,20.08.2025,25,14,07,17,22,RNG,RNG,
2351,21.08.2025,18,31,08,12,29,RNG,RNG,
2352,22.08.2025,22,27,14,11,17,RNG,RNG,
2353,23.08.2025,19,08,31,21,25,RNG,RNG,
2354,24.08.2025,04,06,07,11,25,RNG,RNG,
2355,25.08.2025,26,10,08,25,11,RNG,RNG,
2356,26.08.2025,15,27,07,36,10,RNG,RNG,
2357,27.08.2025,27,03,20,01,12,RNG,RNG,
2358,28.08.2025,07,21,14,12,30,RNG,RNG,
2359,29.08.2025,04,16,13,09,01,RNG,RNG,
2360,30.08.2025,08,16,29,07,14,RNG,RNG,
2361,31.08.2025,03,27,13,08,35,RNG,RNG,
2362,01.09.2025,09,16,24,27,02,RNG,RNG,
2363,02.09.2025,04,14,32,03,17,RNG,RNG,
2364,03.09.2025,11,17,27,03,33,RNG,RNG,
2365,04.09.2025,10,23,22,29,12,RNG,RNG,
2366,05.09.2025,09,17,21,07,13,RNG,RNG,
2367,06.09.2025,33,22,19,29,27,RNG,RNG,
2368,07.09.2025,02,34,14,17,01,RNG,RNG,
2369,08.09.2025,12,08,14,06,35,RNG,RNG,
2370,09.09.2025,36,21,23,15,16,RNG,RNG,
2371,10.09.2025,03,07,02,35,23,RNG,RNG,
2372,11.09.2025,32,01,13,21,26,RNG,RNG,
2373,12.09.2025,10,07,34,28,30,RNG,RNG,
2374,13.09.2025,07,30,20,09,26,RNG,RNG,
2375,14.09.2025,35,28,11,03,29,RNG,RNG,
2376,15.09.2025,25,15,11,16,05,RNG,RNG,
2377,16.09.2025,18,14,12,26,04,RNG,RNG,
2378,17.09.2025,27,33,25,05,29,RNG,RNG,
2379,18.09.2025,03,13,32,11,25,RNG,RNG,
2380,19.09.2025,35,26,20,09,16,RNG,RNG,
2381,20.09.2025,03,16,08,01,27,RNG,RNG,
2382,21.09.2025,21,26,14,02,11,RNG,RNG,
2383,22.09.2025,02,25,05,06,11,RNG,RNG,
2384,23.09.2025,16,35,15,31,14,RNG,RNG,
2385,24.09.2025,32,31,28,10,18,RNG,RNG,
2386,25.09.2025,09,16,22,07,34,RNG3RNG,
2387,26.09.2025,29,17,36,28,12,RNG1RNG,
2388,27.09.2025,30,21,17,16,02,RNG2RNG,
2389,28.09.2025,22,13,23,26,06,RNG3RNG,
2390,29.09.2025,04,25,11,31,20,RNG3RNG,
2391,30.09.2025,28,11,26,34,22,RNG1RNG,
2392,01.10.2025,27,26,01,24,20,RNG3RNG,
2393,02.10.2025,34,10,26,11,14,RNG2RNG,
2394,03.10.2025,31,25,14,35,26,RNG2RNG,
2395,04.10.2025,04,26,28,11,14,RNG2RNG,
2396,05.10.2025,36,14,20,10,02,RNG2RNG,
2397,06.10.2025,10,05,36,27,22,RNG3RNG,
2398,07.10.2025,02,27,18,09,34,RNG2RNG,
2399,08.10.2025,01,33,07,22,24,RNG2RNG,
2400,09.10.2025,36,29,09,18,03,RNG2RNG,
2401,10.10.2025,08,12,07,28,06,RNG2RNG,
2402,11.10.2025,01,14,34,11,16,RNG3RNG,
2403,12.10.2025,16,12,07,33,26,RNG2RNG,
2404,13.10.2025,32,24,10,04,21,RNG3RNG,
2405,14.10.2025,16,17,15,30,13,RNG3RNG,
2406,15.10.2025,08,06,29,34,03,RNG2RNG,
2407,16.10.2025,12,08,20,34,33,RNG2RNG,
2408,17.10.2025,28,29,18,23,07,RNG3RNG,
2409,18.10.2025,12,18,04,01,27,RNG3RNG,
2410,19.10.2025,22,17,14,27,23,RNG3RNG,
2411,20.10.2025,15,26,09,35,31,RNG1RNG,
2412,21.10.2025,09,27,22,23,15,RNG1RNG,
2413,22.10.2025,10,32,01,19,17,RNG3RNG,
2414,23.10.2025,20,18,33,07,27,RNG2RNG,
2415,24.10.2025,16,23,34,03,07,RNG3RNG,
2416,25.10.2025,28,33,30,32,23,RNG2RNG,
2417,26.10.2025,23,02,25,09,12,RNG1RNG,
2418,27.10.2025,17,01,20,22,23,RNG1RNG,
2419,28.10.2025,11,05,18,20,30,RNG3RNG,
2420,29.10.2025,05,24,31,29,03,RNG1RNG,
2421,30.10.2025,34,15,21,11,05,RNG1RNG,
2422,31.10.2025,10,24,05,36,22,RNG2RNG,
2423,01.11.2025,16,24,22,12,08,RNG1RNG,
2424,02.11.2025,15,16,10,03,17,RNG3RNG,
2425,03.11.2025,17,28,24,27,20,RNG2RNG,
2426,04.11.2025,20,27,26,31,28,RNG2RNG,
2427,05.11.2025,17,03,05,04,16,RNG2RNG,
2428,06.11.2025,08,32,13,31,17,RNG2RNG,
2429,07.11.2025,35,32,25,11,07,RNG2RNG,
2430,08.11.2025,04,23,02,16,36,RNG3RNG,
2431,09.11.2025,33,03,02,32,10,RNG2RNG,
2432,10.11.2025,03,36,25,12,22,RNG1RNG,
2433,11.11.2025,30,32,24,19,21,RNG2RNG,
2434,12.11.2025,27,26,28,25,32,RNG2RNG,
2435,13.11.2025,28,04,31,26,14,RNG2RNG,
2436,14.11.2025,11,02,33,22,18,RNG1RNG,
2437,15.11.2025,10,02,13,06,35,RNG3RNG,
2438,16.11.2025,18,09,05,16,21,RNG3RNG,
2439,17.11.2025,12,30,11,21,06,RNG3RNG,
2440,18.11.2025,12,16,18,22,26,RNG3RNG,
2441,19.11.2025,31,04,21,14,15,RNG1RNG,
2442,20.11.2025,14,01,33,19,11,RNG2RNG,
2443,21.11.2025,03,20,32,27,02,RNG2RNG,
2444,22.11.2025,17,34,27,36,05,RNG1RNG,
2445,23.11.2025,34,17,08,30,16,RNG1NA
2446,24.11.2025,36,20,02,23,11,RNG2NA
2447,25.11.2025,06,25,31,07,26,RNG2NA
2448,26.11.2025,24,30,20,12,33,RNG2NA
2449,27.11.2025,09,21,26,33,22,RNG2NA
2450,28.11.2025,19,24,36,01,32,RNG2NA
2451,29.11.2025,35,22,23,03,01,RNG2NA
2452,30.11.2025,26,14,17,24,09,RNG2NA
2453,01.12.2025,12,23,22,07,21,RNG1NA
2454,02.12.2025,06,22,07,09,27,RNG1NA
2455,03.12.2025,08,26,04,13,25,RNG3NA
2456,04.12.2025,21,26,06,04,33,RNG2NA
2457,05.12.2025,35,10,09,13,30,RNG2NA
2458,06.12.2025,20,30,22,18,35,RNG2NA
2459,07.12.2025,26,21,13,05,34,RNG1NA
2460,08.12.2025,25,28,19,16,36,RNG2NA
2461,09.12.2025,32,22,06,05,10,RNG1NA
2462,10.12.2025,09,28,29,17,19,RNG1NA
2463,11.12.2025,15,08,26,20,33,RNG3NA
2464,12.12.2025,14,11,16,06,18,RNG3NA
2465,13.12.2025,08,29,19,30,07,RNG1NA
2466,14.12.2025,36,02,07,09,28,RNG3NA
2467,15.12.2025,30,12,35,08,20,RNG1NA
2468,16.12.2025,32,22,02,09,26,RNG1NA
2469,17.12.2025,06,13,03,10,04,RNG3NA
2470,18.12.2025,29,02,18,21,09,RNG1NA
2471,19.12.2025,26,12,25,33,35,RNG1NA
2472,20.12.2025,13,28,08,03,12,RNG3NA
2473,21.12.2025,21,10,33,26,17,RNG2NA
2474,22.12.2025,28,25,36,23,17,RNG1NA
2475,23.12.2025,34,05,30,20,36,RNG1NA
2476,24.12.2025,06,36,31,12,34,RNG2NA
2477,26.12.2025,23,10,09,32,25,RNG1NA
2478,27.12.2025,04,16,13,34,17,RNG1NA
2479,28.12.2025,13,14,21,15,31,RNG2NA
2480,29.12.2025,33,18,02,23,27,RNG3NA
2481,30.12.2025,18,13,31,21,02,RNG2NA
2482,31.12.2025,32,31,04,10,07,RNG3NA
2483,01.01.2026,27,35,34,25,36,RNG3NA
2484,02.01.2026,21,25,09,26,10,RNG3NA
2485,03.01.2026,23,11,06,26,10,RNG1NA
2486,04.01.2026,18,19,34,27,05,RNG1NA
2487,05.01.2026,20,13,01,07,28,RNG1NA
2488,06.01.2026,09,14,27,05,23,RNG2NA
2489,07.01.2026,14,21,30,04,02,RNG3NA
2490,08.01.2026,27,36,30,25,29,RNG3NA
2491,09.01.2026,02,27,31,12,26,RNG3NA
2492,10.01.2026,15,35,17,03,24,RNG1NA
2493,11.01.2026,35,17,20,34,16,RNG1NA
2494,12.01.2026,11,03,27,30,35,RNG2NA
2495,13.01.2026,10,29,15,08,23,RNG3NA
2496,14.01.2026,35,29,31,28,06,RNG2NA
2497,15.01.2026,08,22,15,13,32,RNG3NA
2498,16.01.2026,12,33,21,02,14,RNG1NA
2499,17.01.2026,28,33,07,04,35,RNG1NA
2500,18.01.2026,23,14,34,19,36,RNG1NA
2501,19.01.2026,24,23,11,31,05,RNG2NA
2502,20.01.2026,09,08,13,36,15,RNG3NA
2503,21.01.2026,12,13,10,21,35,RNG3NA
2504,22.01.2026,03,31,20,08,10,RNG3NA
2505,23.01.2026,33,13,07,05,21,RNG1NA
2506,24.01.2026,06,01,09,22,17,RNG1NA
2507,25.01.2026,26,21,30,32,28,RNG2NA
2508,26.01.2026,01,09,27,03,04,RNG2NA
2509,27.01.2026,29,17,21,11,14,RNG1NA
2510,28.01.2026,08,19,26,29,03,RNG2NA
2511,29.01.2026,08,28,26,15,05,RNG2NA
2512,30.01.2026,11,26,23,08,24,RNG2NA
2513,31.01.2026,04,36,06,29,21,RNG3NA
2514,01.02.2026,13,03,15,17,24,RNG1NA
2515,02.02.2026,30,01,27,24,02,RNG3NA
2516,03.02.2026,27,02,13,34,36,RNG1NA
2517,04.02.2026,09,05,10,08,18,RNG1NA
2518,05.02.2026,20,30,33,23,14,RNG1NA
2519,06.02.2026,01,07,15,24,16,RNG3NA
2520,07.02.2026,17,06,27,32,25,RNG3NA
2521,08.02.2026,35,12,16,23,33,RNG3NA
2522,09.02.2026,07,34,32,22,09,RNG1NA
2523,10.02.2026,26,21,22,03,07,RNG1NA
2524,11.02.2026,35,05,33,18,19,RNG3NA
2525,12.02.2026,16,05,04,23,22,RNG2NA
2526,13.02.2026,16,08,34,29,03,RNG3NA
2527,14.02.2026,07,31,28,25,18,RNG2NA
2528,15.02.2026,16,09,17,18,10,RNG1NA
2529,16.02.2026,07,14,20,12,08,RNG2NA
2530,17.02.2026,31,26,24,17,03,RNG1NA
2531,18.02.2026,21,01,09,16,15,RNG2NA
2532,19.02.2026,28,14,11,29,08,RNG2NA
2533,20.02.2026,27,07,12,30,05,RNG2NA
2534,21.02.2026,30,24,34,01,14,RNG3NA
2535,22.02.2026,21,05,01,06,04,RNG2NA
2536,23.02.2026,36,07,14,29,31,RNG1NA
2537,24.02.2026,35,17,16,21,26,RNG2NA
2538,25.02.2026,09,10,32,14,02,RNG2NA
2539,26.02.2026,02,25,33,04,08,RNG3NA
2540,27.02.2026,23,11,01,08,27,RNG1NA
2541,28.02.2026,02,04,15,07,20,RNG2NA
2542,01.03.2026,24,29,07,34,12,RNG1NA
2543,02.03.2026,06,14,02,03,31,RNG2NA
2544,03.03.2026,01,22,36,17,16,RNG3NA
2545,04.03.2026,06,15,11,33,31,RNG2NA
2546,05.03.2026,19,22,16,36,09,RNG2NA
2547,06.03.2026,09,08,27,19,14,RNG1NA
2548,07.03.2026,30,13,32,27,20,RNG3NA
2549,08.03.2026,11,06,25,08,36,RNG3NA
2550,09.03.2026,21,09,30,12,05,RNG3NA
2551,10.03.2026,09,04,13,30,07,RNG1NA
2552,11.03.2026,35,15,31,34,26,RNG2NA
2553,12.03.2026,10,33,35,25,08,RNG3NA
2554,13.03.2026,10,25,35,16,28,RNG2NA
2555,14.03.2026,03,35,22,04,32,RNG3NA
2556,15.03.2026,18,07,21,28,03,RNG3NA
2557,16.03.2026,08,23,15,28,19,RNG3NA
2558,17.03.2026,33,25,02,21,24,RNG3NA
2559,18.03.2026,14,08,20,27,05,RNG2NA
2560,19.03.2026,29,04,30,31,09,RNG1NA
2561,20.03.2026,19,16,31,32,24,RNG2NA
2562,21.03.2026,07,21,05,12,08,RNG2NA
2563,22.03.2026,33,05,31,28,32,RNG1NA
2564,23.03.2026,20,02,36,29,09,RNG2NA
2565,24.03.2026,07,20,08,11,21,RNG2NA
2566,25.03.2026,33,20,26,15,23,RNG2NA
2567,26.03.2026,36,25,23,27,07,RNG3NA
2568,27.03.2026,24,09,11,22,12,RNG3NA
2569,28.03.2026,11,30,20,06,15,RNG2NA
2570,29.03.2026,10,35,34,23,28,RNG3NA
2571,30.03.2026,25,34,04,26,01,RNG2NA
2572,31.03.2026,16,25,13,14,06,RNG1NA
2573,01.04.2026,10,03,21,24,16,RNG2NA
2574,02.04.2026,23,25,35,34,33,RNG3NA
2575,03.04.2026,12,27,03,25,28,RNG1NA
2576,04.04.2026,34,09,13,17,21,RNG2NA
2577,05.04.2026,23,19,13,31,22,RNG3NA
2578,06.04.2026,21,11,17,10,36,RNG2NA
2579,07.04.2026,34,13,10,36,35,RNG3NA
2580,08.04.2026,17,06,34,16,10,RNG3NA
2581,09.04.2026,09,06,12,29,15,RNG3NA
2582,10.04.2026,06,19,35,24,26,RNG1NA
2583,11.04.2026,22,35,17,11,20,RNG2NA
2584,12.04.2026,01,36,25,10,33,RNG1NA
2585,13.04.2026,24,29,14,35,11,RNG1NA
2586,14.04.2026,23,29,31,24,35,RNG1NA
2587,15.04.2026,10,13,30,09,27,RNG1NA
2588,16.04.2026,01,21,17,19,20,RNG3NA
2589,17.04.2026,04,32,09,20,18,RNG3NA
2590,18.04.2026,02,31,04,20,01,RNG1NA
2591,19.04.2026,26,06,05,01,28,RNG1NA
2592,20.04.2026,08,25,33,21,03,RNG2NA
2593,21.04.2026,13,20,14,08,22,RNG2NA
2594,22.04.2026,27,25,30,12,01,RNG1NA
2595,23.04.2026,08,22,33,21,23,RNG1NA
2596,24.04.2026,19,06,25,24,23,RNG3NA
2597,25.04.2026,01,05,13,30,31,RNG1NA
2598,26.04.2026,14,21,10,24,26,RNG2NA
2599,27.04.2026,35,01,26,10,21,RNG2NA
2600,28.04.2026,33,23,36,30,34,RNG2NA
2601,29.04.2026,17,10,16,19,33,RNG2NA
2602,30.04.2026,24,30,22,02,31,RNG3NA
2603,01.05.2026,11,20,12,35,22,RNG2NA
2604,02.05.2026,10,18,13,34,36,RNG1NA
2605,03.05.2026,22,36,03,09,12,RNG1NA
2606,04.05.2026,34,25,04,36,20,RNG1NA
2607,05.05.2026,33,30,06,21,35,RNG2NA
2608,06.05.2026,07,10,04,30,35,RNG1NA
2609,07.05.2026,18,01,06,35,14,RNG3NA
2610,08.05.2026,15,07,01,26,17,RNG3NA
2611,09.05.2026,23,09,32,18,13,RNG2NA
2612,10.05.2026,20,25,01,22,27,RNG3NA
2613,11.05.2026,01,27,28,23,11,RNG1NA
2614,12.05.2026,19,28,35,03,05,RNG1NA
2615,13.05.2026,28,33,04,06,10,RNG2NA
2616,14.05.2026,16,15,07,04,23,RNG2NA
2617,15.05.2026,22,06,30,13,02,RNG2NA
2618,16.05.2026,21,22,19,14,31,RNG2NA
2619,17.05.2026,14,15,16,10,08,RNG2NA
2620,18.05.2026,23,12,32,28,07,RNG2NA
2621,19.05.2026,21,19,18,27,30,RNG3NA
2622,20.05.2026,14,21,06,20,02,RNG1NA
2623,21.05.2026,10,14,28,27,15,RNG2NA
2624,22.05.2026,24,23,11,01,36,RNG1NA
2625,23.05.2026,04,22,30,19,31,RNG1NA
