0001,11.03.2000,03,12,21,29,38,48,11,B,2,
0002,18.03.2000,01,07,32,35,46,47,36,A,4,
0003,25.03.2000,03,11,13,18,44,45,19,B,3,
0004,01.04.2000,01,05,11,22,40,42,43,A,5,
0005,08.04.2000,04,05,13,17,22,38,11,B,2,
0006,15.04.2000,07,11,19,23,40,49,27,A,3,
0007,22.04.2000,14,17,18,24,39,42,08,A,4,
0008,29.04.2000,07,16,25,30,35,39,03,A,2,
0009,06.05.2000,02,19,40,41,44,47,38,A,4,
0010,13.05.2000,09,10,15,18,35,36,40,A,5,
0011,20.05.2000,06,08,16,18,22,47,44,B,1,
0012,27.05.2000,12,16,19,27,34,38,08,B,1,
0013,03.06.2000,03,08,11,33,43,49,15,B,4,
0014,10.06.2000,01,06,24,25,45,47,03,A,2,
0015,17.06.2000,10,11,40,44,47,48,19,A,2,
0016,24.06.2000,01,07,08,26,27,33,23,A,1,
0017,01.07.2000,07,12,16,28,35,41,30,C,3,
0018,08.07.2000,05,14,22,26,32,45,43,C,1,
0019,15.07.2000,13,16,19,20,27,43,12,B,5,
0020,22.07.2000,09,10,27,40,47,48,07,B,1,
0021,29.07.2000,17,21,28,42,47,49,16,A,4,
0022,05.08.2000,06,16,22,30,46,47,29,B,5,
0023,12.08.2000,14,16,27,34,37,48,08,B,3,
0024,19.08.2000,01,11,18,22,25,28,33,B,1,
0025,26.08.2000,04,07,09,24,33,47,44,A,5,
0026,02.09.2000,03,05,07,09,18,30,48,B,2,
0027,09.09.2000,12,22,26,31,45,46,04,B,4,
0028,16.09.2000,08,09,22,27,32,33,34,B,2,
0029,23.09.2000,03,22,28,30,39,40,17,A,5,
0030,30.09.2000,04,11,19,21,29,33,02,A,4,
0031,07.10.2000,02,04,09,11,28,49,03,B,5,
0032,14.10.2000,11,23,29,40,45,47,27,B,4,
0033,21.10.2000,01,07,19,32,34,37,25,A,5,
0034,28.10.2000,04,10,18,20,46,48,15,A,4,
0035,04.11.2000,07,12,13,25,28,46,14,A,7,
0036,11.11.2000,01,03,05,26,29,33,38,A,5,
0037,18.11.2000,14,15,35,44,47,48,05,B,3,
0038,25.11.2000,10,14,20,21,28,30,05,A,3,
0039,02.12.2000,10,14,15,20,46,47,21,A,1,
0040,09.12.2000,02,11,23,24,41,46,18,B,7,
0041,16.12.2000,01,04,18,19,28,44,47,A,5,
0042,23.12.2000,16,25,32,35,42,47,49,B,1,
0043,30.12.2000,04,25,36,39,43,49,15,B,2,
0044,06.01.2001,06,08,20,24,30,44,26,A,3,
0045,13.01.2001,09,13,28,29,34,35,10,B,5,
0046,20.01.2001,08,16,32,39,40,47,49,B,7,
0047,27.01.2001,07,11,20,22,27,45,48,B,1,
0048,03.02.2001,03,05,14,29,36,47,48,A,2,
0049,10.02.2001,04,07,10,20,21,47,29,B,7,
0050,17.02.2001,14,17,18,20,30,41,35,A,1,
0051,24.02.2001,13,18,24,26,35,40,32,B,2,
0052,03.03.2001,15,23,27,40,43,48,44,A,3,
0053,10.03.2001,14,20,26,41,47,49,12,A,7,
0054,17.03.2001,14,16,17,29,40,42,34,B,5,
0055,24.03.2001,03,05,09,18,33,36,15,A,2,
0056,31.03.2001,03,10,13,18,30,41,22,A,8,
0057,07.04.2001,11,27,32,35,41,44,19,B,1,
0058,14.04.2001,02,23,28,29,30,39,45,A,3,
0059,21.04.2001,11,13,23,36,47,49,29,B,9,
0060,28.04.2001,15,19,20,26,29,37,07,B,1,
0061,05.05.2001,12,29,30,39,44,46,14,B,7,
0062,12.05.2001,13,19,24,38,39,45,07,B,9,
0063,19.05.2001,08,10,13,16,27,30,35,B,8,
0064,26.05.2001,15,17,30,36,41,49,26,A,2,
0065,02.06.2001,02,03,10,16,25,46,45,A,3,
0066,09.06.2001,03,08,16,18,20,44,46,C,5,
0067,16.06.2001,02,07,08,19,27,43,25,C,2,
0068,23.06.2001,04,12,24,31,40,42,28,A,1,
0069,30.06.2001,01,02,16,26,46,49,40,A,7,
0070,07.07.2001,06,08,13,33,35,38,37,C,3,
0071,14.07.2001,01,02,24,40,43,49,45,C,8,
0072,21.07.2001,09,10,14,17,20,48,27,C,2,
0073,28.07.2001,11,23,34,41,44,45,10,A,3,
0074,04.08.2001,01,02,03,05,20,28,24,A,3,
0075,11.08.2001,03,14,24,26,42,46,45,C,8,
0076,18.08.2001,04,15,25,35,40,48,02,A,2,
0077,25.08.2001,01,04,15,30,46,49,48,C,1,
0078,01.09.2001,25,26,27,29,40,45,48,A,2,
0079,08.09.2001,03,08,19,26,27,34,47,A,2,
0080,15.09.2001,01,04,07,16,37,38,19,C,9,
0081,22.09.2001,15,16,20,28,44,46,10,C,3,
0082,29.09.2001,04,07,11,19,33,39,32,C,8,
0083,03.10.2001,07,22,24,26,33,43,44,C,9,
0084,06.10.2001,07,12,14,27,44,46,32,C,3,
0085,10.10.2001,15,16,31,32,36,41,03,C,5,
0086,13.10.2001,04,05,11,18,31,41,48,C,3,
0087,17.10.2001,16,22,26,35,38,43,49,A,1,
0088,20.10.2001,04,10,26,28,29,45,46,A,9,
0089,24.10.2001,18,23,24,27,28,40,16,C,2,
0090,27.10.2001,01,11,22,26,32,42,19,C,1,
0091,31.10.2001,03,04,05,07,11,14,37,A,5,
0092,03.11.2001,19,20,25,29,35,43,37,A,8,
0093,07.11.2001,02,08,14,34,41,49,10,A,9,
0094,10.11.2001,04,10,14,18,26,34,45,A,3,
0095,14.11.2001,06,10,27,29,35,49,13,C,2,
0096,17.11.2001,06,11,22,28,29,34,10,C,2,
0097,21.11.2001,08,11,20,27,42,46,05,A,8,
0098,24.11.2001,12,15,24,30,36,44,04,A,2,
0099,28.11.2001,06,18,21,31,36,45,09,A,2,
0100,01.12.2001,13,17,30,38,47,49,42,A,7,
0101,05.12.2001,15,19,21,32,42,46,36,A,1,
0102,08.12.2001,01,06,08,27,31,47,16,A,5,
0103,12.12.2001,09,10,28,33,37,40,30,B,5,
0104,15.12.2001,02,09,14,29,30,40,08,B,3,
0105,19.12.2001,10,13,19,30,32,42,06,B,8,
0106,22.12.2001,11,13,15,17,24,25,19,A,2,
0107,26.12.2001,01,04,07,10,35,38,30,B,1,
0108,29.12.2001,01,12,23,30,35,48,08,A,3,
0109,02.01.2002,05,09,23,29,35,45,02,A,5,
0110,05.01.2002,17,24,27,31,34,35,16,B,8,
0111,09.01.2002,02,12,17,23,36,38,31,B,8,
0112,12.01.2002,08,14,21,24,30,33,49,B,5,
0113,16.01.2002,04,11,14,15,33,36,05,A,3,
0114,19.01.2002,23,36,42,45,46,47,18,A,1,
0115,23.01.2002,18,19,21,36,37,45,13,B,5,
0116,26.01.2002,20,21,34,38,43,49,48,B,7,
0117,30.01.2002,03,10,29,30,34,45,32,B,2,
0118,02.02.2002,16,21,28,34,45,49,17,A,5,
0119,06.02.2002,16,24,26,28,38,48,46,B,3,
0120,09.02.2002,07,11,26,34,45,46,05,A,3,
0121,13.02.2002,07,22,37,38,44,46,40,A,7,
0122,16.02.2002,02,05,11,16,28,33,18,B,3,
0123,20.02.2002,15,19,24,30,31,43,27,A,8,
0124,23.02.2002,03,09,13,24,32,48,18,B,9,
0125,27.02.2002,01,09,21,31,35,46,32,A,8,
0126,02.03.2002,04,05,07,16,19,40,39,A,5,
0127,06.03.2002,05,10,13,16,26,49,07,B,9,
0128,09.03.2002,09,15,31,33,34,42,05,B,1,
0129,13.03.2002,02,04,06,32,44,49,34,A,9,
0130,16.03.2002,01,07,18,30,44,49,16,A,1,
0131,20.03.2002,01,11,29,34,43,44,24,B,5,
0132,23.03.2002,06,18,20,31,40,43,30,B,7,
0133,27.03.2002,07,16,26,27,39,44,23,A,9,
0134,30.03.2002,09,13,14,33,43,45,08,A,7,
0135,03.04.2002,05,13,15,23,26,28,41,A,8,
0136,06.04.2002,11,20,32,33,46,48,21,A,2,
0137,10.04.2002,03,09,16,17,44,45,10,B,1,
0138,13.04.2002,06,14,15,36,38,49,21,B,3,
0139,17.04.2002,02,10,12,26,30,35,01,A,8,
0140,20.04.2002,04,18,21,23,43,48,44,B,3,
0141,24.04.2002,11,22,28,37,38,46,47,A,7,
0142,27.04.2002,14,24,30,32,41,48,09,B,1,
0143,01.05.2002,06,08,28,43,46,49,33,A,2,
0144,04.05.2002,02,03,19,27,41,46,38,C,1,
0145,08.05.2002,03,08,09,30,35,45,31,C,3,
0146,11.05.2002,01,13,26,29,37,45,22,B,1,
0147,15.05.2002,13,18,19,37,45,46,39,B,2,
0148,18.05.2002,22,29,30,31,34,40,18,C,8,
0149,22.05.2002,04,06,07,34,40,46,25,B,3,
0150,25.05.2002,06,16,24,33,35,48,11,C,8,
0151,29.05.2002,23,26,28,35,44,46,21,C,5,
0152,01.06.2002,05,23,30,36,43,46,06,C,10
0153,05.06.2002,03,12,24,28,29,33,25,B,10
0154,08.06.2002,03,08,14,25,26,31,28,C,11
0155,12.06.2002,02,09,15,20,28,45,01,C,11
0156,15.06.2002,11,17,24,35,42,43,09,C,2,
0157,19.06.2002,01,07,08,10,30,38,06,C,9,
0158,22.06.2002,02,15,16,18,38,40,43,B,10
0159,26.06.2002,16,20,30,36,39,40,29,B,7,
0160,29.06.2002,01,04,23,35,39,48,06,B,9,
0161,03.07.2002,05,06,12,22,25,44,10,B,3,
0162,06.07.2002,04,12,24,35,43,46,20,C,9,
0163,10.07.2002,04,07,19,30,47,48,09,B,9,
0164,13.07.2002,03,10,14,28,36,44,06,B,7,
0165,17.07.2002,06,08,15,21,35,48,44,B,9,
0166,20.07.2002,14,16,20,30,37,39,43,B,7,
0167,24.07.2002,01,07,17,27,28,38,35,B,10
0168,27.07.2002,02,05,27,44,45,46,19,B,11
0169,31.07.2002,04,18,25,32,40,44,33,B,11
0170,03.08.2002,06,12,16,25,42,43,44,B,9,
0171,07.08.2002,02,07,17,32,47,48,43,C,10
0172,10.08.2002,03,06,30,31,34,49,25,B,5,
0173,14.08.2002,08,13,20,22,33,49,30,C,9,
0174,17.08.2002,06,09,10,31,37,40,07,C,7,
0175,21.08.2002,09,13,14,18,19,24,37,B,7,
0176,24.08.2002,13,18,20,30,33,37,34,B,7,
0177,28.08.2002,03,12,16,36,45,47,27,C,7,
0178,31.08.2002,08,17,19,24,34,42,27,C,5,
0179,04.09.2002,02,11,19,26,30,32,35,B,8,
0180,07.09.2002,03,07,14,19,24,40,22,C,9,
0181,11.09.2002,13,29,34,36,45,46,40,B,5,
0182,14.09.2002,10,16,29,34,35,41,48,B,10
0183,18.09.2002,15,23,36,41,44,46,16,B,8,
0184,21.09.2002,11,18,26,28,31,48,17,C,7,
0185,25.09.2002,14,18,23,39,41,44,35,C,7,
0186,28.09.2002,03,19,24,33,42,49,23,B,9,
0187,02.10.2002,07,19,21,26,42,46,31,B,8,
0188,05.10.2002,01,20,40,46,48,49,39,B,5,
0189,09.10.2002,07,20,22,23,38,46,39,B,8,
0190,12.10.2002,03,23,25,32,39,42,48,C,5,
0191,16.10.2002,06,12,20,24,40,41,04,C,10
0192,19.10.2002,07,11,33,42,43,44,08,C,8,
0193,23.10.2002,01,12,13,25,27,37,32,B,11
0194,26.10.2002,04,10,15,30,32,47,48,C,11
0195,30.10.2002,26,32,33,47,48,49,24,C,8,
0196,02.11.2002,09,12,23,26,43,48,10,C,9,
0197,06.11.2002,06,12,25,29,31,37,41,B,8,
0198,09.11.2002,03,04,13,17,26,47,28,B,12
0199,13.11.2002,01,22,23,27,34,40,46,C,8,
0200,16.11.2002,08,20,21,23,30,40,45,B,7,
0201,20.11.2002,02,07,08,16,37,39,45,B,8,
0202,23.11.2002,20,26,28,30,45,48,41,C,10
0203,27.11.2002,22,29,31,33,35,41,37,C,12
0204,30.11.2002,10,12,14,28,44,45,04,B,12
0205,04.12.2002,10,12,13,17,21,39,48,A,10
0206,07.12.2002,02,05,07,11,17,30,14,C,11
0207,11.12.2002,03,16,20,22,32,44,18,C,7,
0208,14.12.2002,05,07,13,14,21,39,15,C,10
0209,18.12.2002,05,13,19,22,42,44,33,C,7,
0210,21.12.2002,02,05,13,22,27,40,19,C,5,
0211,28.12.2002,05,08,12,15,36,49,20,C,9,
0212,01.01.2003,02,07,13,34,37,41,49,A,8,
0213,04.01.2003,04,10,18,32,38,41,29,A,12
0214,08.01.2003,07,22,24,45,46,47,20,C,12
0215,11.01.2003,08,14,16,17,44,48,32,C,8,
0216,15.01.2003,01,18,24,35,37,41,30,C,9,
0217,18.01.2003,05,06,17,25,28,37,04,A,7,
0218,22.01.2003,01,16,21,22,41,46,39,C,5,
0219,25.01.2003,13,19,26,38,41,45,34,C,5,
0220,29.01.2003,03,06,09,16,22,35,45,A,8,
0221,01.02.2003,06,09,16,20,45,47,28,C,8,
0222,05.02.2003,06,26,33,36,41,43,47,A,8,
0223,08.02.2003,09,16,17,20,27,31,04,C,11
0224,12.02.2003,01,06,16,23,24,49,14,A,9,
0225,15.02.2003,03,06,07,26,29,46,22,A,9,
0226,19.02.2003,16,17,27,30,36,48,13,A,10
0227,22.02.2003,06,07,16,17,22,47,25,C,10
0228,26.02.2003,05,32,35,43,45,48,24,C,9,
0229,01.03.2003,01,04,12,14,18,30,13,A,12
0230,05.03.2003,08,15,24,25,29,48,36,C,10
0231,08.03.2003,01,06,25,34,44,45,02,C,11
0232,12.03.2003,08,16,18,30,32,48,45,A,10
0233,15.03.2003,23,25,27,29,31,33,20,A,11
0234,19.03.2003,02,11,17,28,29,49,21,A,8,
0235,22.03.2003,08,31,32,45,46,49,23,A,9,
0236,26.03.2003,09,12,20,22,38,44,14,C,9,
0237,29.03.2003,15,28,31,39,41,48,07,C,7,
0238,02.04.2003,06,27,31,38,44,48,02,A,9,
0239,05.04.2003,12,17,22,35,37,41,08,A,11
0240,09.04.2003,05,14,30,36,38,42,11,C,10
0241,12.04.2003,01,06,13,15,19,40,21,A,8,
0242,16.04.2003,10,22,28,29,40,44,15,A,7,
0243,19.04.2003,03,13,15,24,44,48,23,A,8,
0244,23.04.2003,02,06,11,29,34,44,20,A,5,
0245,26.04.2003,22,31,34,37,41,42,05,A,7,
0246,30.04.2003,08,15,21,24,30,45,25,A,5,
0247,03.05.2003,01,13,32,34,37,46,41,C,12
0248,07.05.2003,11,15,21,22,39,40,06,A,8,
0249,10.05.2003,02,16,28,42,46,47,48,C,12
0250,14.05.2003,01,07,09,30,45,46,20,A,12
0251,17.05.2003,13,19,22,31,39,43,16,A,12
0252,21.05.2003,08,12,16,21,30,43,49,A,8,
0253,24.05.2003,20,21,40,41,44,48,10,C,5,
0254,28.05.2003,14,15,19,35,38,46,09,A,5,
0255,31.05.2003,09,13,21,30,34,41,10,C,5,
0256,04.06.2003,09,10,21,25,28,46,07,C,5,
0257,07.06.2003,19,21,30,40,46,48,15,C,5,
0258,11.06.2003,03,11,12,20,40,44,49,A,11
0259,14.06.2003,02,03,14,26,43,46,34,A,8,
0260,18.06.2003,14,26,29,32,35,36,37,A,12
0261,21.06.2003,01,08,11,14,43,44,40,A,11
0262,25.06.2003,08,10,22,23,41,48,38,A,10
0263,28.06.2003,01,09,19,39,40,43,11,C,11
0264,02.07.2003,10,12,14,24,40,44,39,C,10
0265,05.07.2003,06,11,14,21,30,42,17,C,12
0266,09.07.2003,03,04,10,11,31,33,23,A,12
0267,12.07.2003,12,16,25,32,38,41,06,B,14
0268,16.07.2003,04,05,16,24,27,44,01,A,10
0269,19.07.2003,17,19,24,28,36,43,13,A,12
0270,23.07.2003,03,09,10,38,45,46,30,A,14
0271,26.07.2003,05,14,18,27,32,38,03,B,13
0272,30.07.2003,18,29,30,33,39,44,31,B,14
0273,02.08.2003,01,08,09,19,22,31,36,B,14
0274,06.08.2003,04,15,21,36,37,47,14,B,13
0275,09.08.2003,06,07,08,16,41,47,27,A,9,
0276,13.08.2003,06,08,09,22,36,48,40,A,13
0277,16.08.2003,08,30,31,35,37,47,07,B,13
0278,20.08.2003,06,18,23,34,36,45,33,B,13
0279,23.08.2003,09,13,15,24,30,31,27,A,14
0280,27.08.2003,14,19,25,37,41,49,17,A,9,
0281,30.08.2003,07,14,22,43,45,49,42,B,10
0282,03.09.2003,03,12,14,15,47,49,19,B,14
0283,06.09.2003,16,20,24,25,43,46,42,B,12
0284,10.09.2003,01,14,16,22,37,41,03,B,13
0285,13.09.2003,10,26,32,33,36,45,48,A,8,
0286,17.09.2003,10,16,19,23,24,47,34,B,14
0287,20.09.2003,04,12,25,34,45,49,46,A,11
0288,24.09.2003,10,23,31,34,38,41,32,B,10
0289,27.09.2003,01,02,13,35,43,45,30,A,14
0290,01.10.2003,02,05,24,35,36,49,16,A,8,
0291,04.10.2003,14,30,31,37,38,48,22,B,12
0292,08.10.2003,02,09,10,30,34,38,49,A,11
0293,11.10.2003,08,13,23,31,34,44,35,B,8,
0294,15.10.2003,01,10,15,16,17,37,44,A,10
0295,18.10.2003,19,22,30,37,40,42,01,A,13
0296,22.10.2003,08,18,20,35,43,49,14,A,15
0297,25.10.2003,04,16,19,25,26,29,49,B,12
0298,29.10.2003,06,09,23,31,38,40,35,A,13
0299,01.11.2003,02,21,26,29,47,48,18,C,18
0300,05.11.2003,14,21,23,31,38,46,26,C,12
0301,08.11.2003,03,05,08,32,34,37,21,B,12
0302,12.11.2003,01,23,29,33,41,47,42,C,16
0303,15.11.2003,16,17,25,27,34,39,33,B,13
0304,19.11.2003,20,23,24,27,30,46,01,B,11
0305,22.11.2003,03,18,28,31,32,49,21,B,16
0306,26.11.2003,02,06,07,14,21,40,47,B,17
0307,29.11.2003,06,09,32,41,43,48,37,C,15
0308,03.12.2003,03,12,18,22,28,44,10,C,18
0309,06.12.2003,01,09,11,17,36,47,07,C,18
0310,10.12.2003,08,14,38,42,45,47,12,C,20
0311,13.12.2003,02,06,25,26,38,44,32,C,19
0312,17.12.2003,02,04,30,34,37,39,23,C,17
0313,20.12.2003,02,05,08,14,31,49,17,C,20
0314,24.12.2003,06,12,14,18,21,30,47,C,12
0315,27.12.2003,13,18,22,37,38,39,04,C,18
0316,31.12.2003,18,25,28,33,47,49,14,C,14
0317,03.01.2004,02,11,15,17,23,34,24,C,9,
0318,07.01.2004,07,15,16,23,30,33,27,C,8,
0319,10.01.2004,04,07,20,38,39,43,32,C,8,
0320,14.01.2004,05,16,18,30,32,41,12,C,9,
0321,17.01.2004,02,15,23,34,40,47,05,B,9,
0322,21.01.2004,05,08,13,19,36,48,01,C,18
0323,24.01.2004,01,06,18,21,24,35,32,C,11
0324,28.01.2004,17,23,34,45,46,48,16,B,16
0325,31.01.2004,02,06,10,25,29,48,31,A,14
0326,04.02.2004,13,28,32,39,40,41,12,B,18
0327,07.02.2004,03,07,12,13,36,43,10,B,16
0328,11.02.2004,05,07,12,26,39,42,23,B,14
0329,14.02.2004,04,08,30,32,43,45,28,B,15
0330,18.02.2004,02,08,30,36,43,44,29,C,17
0331,21.02.2004,08,15,17,28,38,47,46,B,13
0332,25.02.2004,17,32,38,39,43,49,02,B,13
0333,28.02.2004,03,09,20,27,31,44,07,C,13
0334,03.03.2004,02,11,26,33,35,41,34,C,15
0335,06.03.2004,29,31,32,34,41,49,20,B,13
0336,10.03.2004,08,09,17,25,28,47,21,B,11
0337,13.03.2004,02,20,26,34,46,47,45,C,16
0338,17.03.2004,01,02,14,23,31,41,33,B,15
0339,20.03.2004,13,17,19,38,42,45,44,C,10
0340,24.03.2004,12,18,24,33,35,41,01,C,16
0341,27.03.2004,04,08,22,31,35,37,02,B,12
0342,31.03.2004,01,02,10,18,43,45,42,C,10
0343,03.04.2004,02,06,08,12,22,46,47,C,10
0344,07.04.2004,04,09,23,33,35,49,39,C,17
0345,10.04.2004,02,09,22,23,24,30,05,A,17
0346,14.04.2004,13,16,20,23,25,49,43,C,15
0347,17.04.2004,04,15,18,25,29,47,16,A,15
0348,21.04.2004,05,09,18,20,32,44,02,C,15
0349,24.04.2004,07,12,19,26,36,42,09,A,9,
0350,28.04.2004,25,33,38,42,47,49,43,C,18
0351,01.05.2004,14,15,21,25,43,46,01,C,17
0352,05.05.2004,04,13,20,31,46,48,22,A,15
0353,08.05.2004,08,14,17,23,35,39,07,A,16
0354,12.05.2004,19,22,24,25,31,46,47,A,10
0355,15.05.2004,18,20,30,31,40,48,49,A,19
0356,19.05.2004,01,22,27,33,45,48,29,A,11
0357,22.05.2004,20,22,23,37,40,49,18,C,16
0358,26.05.2004,07,08,09,10,12,36,17,C,16
0359,29.05.2004,01,10,22,31,37,45,43,C,10
0360,02.06.2004,01,12,17,24,36,44,03,A,8,
0361,05.06.2004,01,02,03,24,30,46,48,A,18
0362,09.06.2004,21,28,29,34,36,41,08,C,10
0363,12.06.2004,06,07,27,29,35,40,39,C,19
0364,16.06.2004,07,08,14,22,34,39,19,C,16
0365,19.06.2004,07,14,17,24,28,36,31,A,13
0366,23.06.2004,02,20,23,44,45,46,40,C,20
0367,26.06.2004,07,16,30,33,35,36,22,C,18
0368,30.06.2004,03,10,21,23,32,36,43,C,14
0369,03.07.2004,05,20,21,30,31,38,11,A,17
0370,07.07.2004,05,10,11,16,20,45,09,A,14
0371,10.07.2004,20,30,41,42,47,48,31,A,17
0372,14.07.2004,03,09,22,25,31,40,26,A,17
0373,17.07.2004,05,13,25,41,44,47,19,A,14
0374,21.07.2004,12,28,31,35,36,41,22,C,8,
0375,24.07.2004,09,10,19,20,22,33,47,C,8,
0376,28.07.2004,06,09,20,23,29,30,49,A,9,
0377,31.07.2004,02,11,18,24,34,39,47,C,17
0378,04.08.2004,01,13,14,27,44,47,11,A,16
0379,07.08.2004,05,09,21,31,33,36,04,A,16
0380,11.08.2004,09,14,20,21,29,31,22,C,8,
0381,14.08.2004,03,18,20,26,27,28,06,C,19
0382,18.08.2004,11,16,26,31,41,43,37,C,16
0383,21.08.2004,01,03,10,32,33,41,12,C,8,
0384,25.08.2004,11,20,26,27,28,46,18,C,19
0385,28.08.2004,02,07,16,17,37,48,20,C,20
0386,01.09.2004,01,08,26,28,35,46,12,C,16
0387,04.09.2004,02,18,27,32,40,45,30,A,16
0388,08.09.2004,09,12,14,15,43,46,10,A,16
0389,11.09.2004,04,07,13,17,36,46,23,A,19
0390,15.09.2004,07,24,30,32,38,46,34,A,17
0391,18.09.2004,04,24,29,38,45,47,44,C,20
0392,22.09.2004,28,30,33,35,39,44,34,A,19
0393,25.09.2004,09,14,27,41,45,46,01,C,19
0394,29.09.2004,05,07,09,11,14,27,34,C,11
0395,02.10.2004,15,16,29,37,42,48,25,A,9,
0396,06.10.2004,02,05,16,19,35,42,37,C,13
0397,09.10.2004,05,06,21,27,32,42,36,B,13
0398,13.10.2004,08,14,19,38,40,42,01,A,20
0399,16.10.2004,07,11,15,20,21,23,43,A,15
0400,20.10.2004,03,11,22,24,41,47,49,B,19
0401,23.10.2004,15,25,29,30,43,48,07,A,18
0402,27.10.2004,03,07,20,35,39,44,33,B,18
0403,30.10.2004,09,13,20,26,38,43,46,B,16
0404,03.11.2004,03,07,08,15,40,49,35,A,19
0405,06.11.2004,09,11,15,21,36,47,25,A,16
0406,10.11.2004,12,16,24,28,33,47,40,B,9,
0407,13.11.2004,04,16,32,41,44,46,24,B,9,
0408,17.11.2004,03,08,26,39,40,42,23,A,13
0409,20.11.2004,06,14,18,35,39,40,02,A,14
0410,24.11.2004,07,12,18,19,25,46,06,A,15
0411,27.11.2004,01,06,13,18,26,48,07,B,11
0412,01.12.2004,07,21,22,27,31,47,02,B,15
0413,04.12.2004,07,08,17,22,27,49,19,C,15
0414,08.12.2004,08,19,31,33,41,49,22,C,16
0415,11.12.2004,04,09,12,35,36,42,22,C,14
0416,15.12.2004,07,13,15,18,23,44,41,C,20
0417,18.12.2004,02,03,18,23,24,36,16,C,16
0418,22.12.2004,06,18,31,42,44,47,41,A,13
0419,24.12.2004,02,11,14,23,40,44,08,A,18
0420,29.12.2004,17,18,28,38,39,43,14,A,9,
0421,31.12.2004,08,11,17,19,20,32,10,A,17
0422,05.01.2005,06,13,32,36,44,48,12,A,10
0423,08.01.2005,02,04,17,18,31,41,26,A,20
0424,12.01.2005,06,12,25,31,34,47,40,A,9,
0425,15.01.2005,10,15,21,30,32,48,20,C,10
0426,19.01.2005,08,12,24,25,28,48,45,A,14
0427,22.01.2005,05,14,15,22,39,43,01,C,17
0428,26.01.2005,01,02,04,08,19,37,09,A,9,
0429,29.01.2005,01,13,21,33,42,47,17,A,11
0430,02.02.2005,02,05,08,12,26,49,35,C,10
0431,05.02.2005,01,10,20,29,36,45,11,A,17
0432,09.02.2005,14,17,23,27,38,42,12,A,13
0433,12.02.2005,13,23,28,31,38,46,14,C,13
0434,16.02.2005,03,12,13,15,30,49,37,A,17
0435,19.02.2005,06,15,17,25,29,31,47,A,11
0436,23.02.2005,04,07,19,23,32,39,38,A,14
0437,26.02.2005,03,04,07,27,45,48,38,A,9,
0438,02.03.2005,22,26,38,41,45,46,37,A,14
0439,05.03.2005,08,34,35,36,43,48,37,C,14
0440,09.03.2005,01,11,18,19,22,42,16,A,10
0441,12.03.2005,04,16,21,23,33,48,02,A,16
0442,16.03.2005,01,10,16,20,24,41,40,C,16
0443,19.03.2005,04,24,25,32,45,46,05,A,10
0444,23.03.2005,18,24,27,30,31,48,20,C,10
0445,26.03.2005,05,11,22,24,28,42,01,C,9,
0446,30.03.2005,06,20,32,33,36,48,17,C,9,
0447,02.04.2005,10,17,24,37,45,46,28,C,18
0448,06.04.2005,06,07,11,16,28,33,18,C,9,
0449,09.04.2005,18,21,22,25,27,43,30,A,13
0450,13.04.2005,02,03,10,29,43,46,33,C,13
0451,16.04.2005,06,19,21,32,35,48,27,C,11
0452,20.04.2005,08,21,26,31,33,35,40,A,13
0453,23.04.2005,16,28,33,41,47,48,27,C,14
0454,27.04.2005,05,08,17,27,37,38,47,C,14
0455,30.04.2005,01,05,21,30,36,47,45,A,19
0456,04.05.2005,02,08,20,37,41,44,35,A,13
0457,07.05.2005,13,22,31,34,40,42,39,C,14
0458,11.05.2005,01,18,26,29,42,45,05,A,16
0459,14.05.2005,13,16,21,23,40,49,10,A,16
0460,18.05.2005,02,11,29,33,39,49,43,A,17
0461,21.05.2005,11,20,27,28,31,44,06,A,20
0462,25.05.2005,08,22,25,27,33,40,11,A,17
0463,28.05.2005,06,07,29,33,36,48,01,A,19
0464,01.06.2005,06,09,14,18,22,48,23,C,9,
0465,04.06.2005,02,10,33,41,42,48,16,A,9,
0466,08.06.2005,02,12,18,20,25,28,17,C,18
0467,11.06.2005,01,08,15,24,26,43,13,C,10
0468,15.06.2005,02,06,16,21,27,44,12,C,13
0469,18.06.2005,02,12,22,27,40,46,35,C,9,
0470,22.06.2005,02,18,21,32,33,39,29,C,17
0471,25.06.2005,03,10,17,26,28,41,39,A,9,
0472,29.06.2005,13,19,21,27,28,38,16,A,15
0473,02.07.2005,02,13,23,31,33,34,37,A,18
0474,06.07.2005,01,08,14,30,45,47,18,C,18
0475,09.07.2005,06,13,21,23,30,48,22,A,19
0476,13.07.2005,21,24,34,41,43,45,05,C,14
0477,16.07.2005,04,14,15,30,35,49,45,A,18
0478,20.07.2005,06,17,19,23,42,43,37,C,15
0479,23.07.2005,12,13,37,42,46,47,44,A,10
0480,27.07.2005,07,11,18,30,43,45,46,A,15
0481,30.07.2005,03,10,20,36,47,48,41,A,19
0482,03.08.2005,05,23,38,39,45,49,34,A,10
0483,06.08.2005,05,14,16,22,23,36,25,C,16
0484,10.08.2005,01,09,16,23,26,49,18,A,15
0485,13.08.2005,03,10,14,26,32,45,18,C,14
0486,17.08.2005,18,31,32,35,42,48,45,C,16
0487,20.08.2005,21,23,29,35,39,44,32,A,15
0488,24.08.2005,03,24,32,35,36,39,19,C,15
0489,27.08.2005,03,15,17,25,32,33,16,C,14
0490,31.08.2005,20,27,28,37,40,43,03,C,15
0491,03.09.2005,02,13,15,17,30,47,36,A,11
0492,07.09.2005,10,15,21,32,46,47,20,C,9,
0493,10.09.2005,08,29,35,38,42,45,03,C,16
0494,14.09.2005,06,09,14,17,35,40,22,C,9,
0495,17.09.2005,21,40,42,43,44,47,27,A,19
0496,21.09.2005,03,10,17,18,19,21,41,C,14
0497,24.09.2005,02,05,08,27,39,43,45,C,11
0498,28.09.2005,02,05,20,39,42,47,13,B,14
0499,01.10.2005,01,08,11,30,34,44,48,A,14
0500,05.10.2005,04,20,26,27,33,39,17,A,10
0501,08.10.2005,03,04,12,14,20,48,29,B,10
0502,12.10.2005,15,26,28,31,32,43,30,A,17
0503,15.10.2005,21,23,29,35,38,47,32,B,15
0504,19.10.2005,07,21,25,29,43,45,36,A,17
0505,22.10.2005,11,16,26,35,40,44,38,A,17
0506,26.10.2005,15,27,36,37,40,44,10,A,18
0507,29.10.2005,12,16,21,22,37,49,27,B,18
0508,02.11.2005,04,14,15,27,37,44,41,B,16
0509,05.11.2005,03,13,30,39,40,47,17,A,15
0510,09.11.2005,17,18,23,31,38,44,12,B,19
0511,12.11.2005,06,14,23,34,35,37,48,B,20
0512,16.11.2005,01,07,30,32,39,42,48,B,20
0513,19.11.2005,17,19,22,34,42,48,43,B,20
0514,23.11.2005,03,05,08,10,33,35,41,A,17
0515,26.11.2005,02,12,35,39,41,42,30,B,15
0516,30.11.2005,03,09,15,23,34,39,17,A,20
0517,03.12.2005,07,14,20,33,38,43,05,A,23
0518,07.12.2005,08,21,24,26,29,49,47,A,10
0519,10.12.2005,06,10,32,39,41,46,26,B,15
0520,14.12.2005,08,23,25,33,36,45,26,B,19
0521,17.12.2005,09,15,16,26,33,40,22,B,23
0522,21.12.2005,06,16,18,40,44,46,11,A,18
0523,24.12.2005,13,16,20,26,27,42,21,A,21
0524,28.12.2005,19,29,36,42,43,45,23,A,12
0525,31.12.2005,15,16,17,21,38,47,42,B,12
0526,04.01.2006,09,12,34,36,41,43,15,A,18
0527,07.01.2006,02,11,39,42,45,46,33,B,15
0528,11.01.2006,04,11,17,24,26,37,19,B,16
0529,14.01.2006,01,02,04,11,12,40,45,A,12
0530,18.01.2006,06,23,27,30,39,45,19,B,16
0531,21.01.2006,01,05,16,20,32,45,21,A,12
0532,25.01.2006,08,14,18,36,39,45,02,B,14
0533,28.01.2006,03,21,23,27,38,44,26,A,14
0534,01.02.2006,10,13,17,23,29,39,03,A,20
0535,04.02.2006,05,07,34,36,42,47,26,A,16
0536,08.02.2006,23,32,37,38,47,48,31,A,18
0537,11.02.2006,04,15,20,27,33,48,22,A,15
0538,15.02.2006,15,20,34,41,42,48,02,B,20
0539,18.02.2006,19,22,27,28,30,48,36,B,18
0540,22.02.2006,01,04,13,20,23,30,12,A,23
0541,25.02.2006,09,14,15,32,39,49,31,A,12
0542,01.03.2006,04,16,23,41,42,44,02,A,14
0543,04.03.2006,14,19,21,23,24,32,11,A,16
0544,08.03.2006,02,09,11,21,23,46,10,A,14
0545,11.03.2006,01,11,27,33,35,44,23,A,17
0546,15.03.2006,02,07,16,18,20,34,12,A,17
0547,18.03.2006,20,24,26,36,38,47,11,B,13
0548,22.03.2006,03,10,34,35,41,43,27,B,14
0549,25.03.2006,18,20,24,34,41,46,28,B,12
0550,29.03.2006,04,10,24,34,37,38,05,A,22
0551,01.04.2006,05,09,12,25,34,42,21,B,22
0552,05.04.2006,26,33,35,42,46,47,38,A,23
0553,08.04.2006,03,06,26,37,39,48,47,A,18
0554,12.04.2006,06,09,11,13,33,49,41,B,21
0555,15.04.2006,11,15,16,22,37,46,18,A,12
0556,19.04.2006,13,20,21,29,31,34,14,B,18
0557,22.04.2006,08,13,15,17,37,42,01,A,19
0558,26.04.2006,01,06,11,25,31,39,26,A,13
0559,29.04.2006,05,07,23,25,29,46,03,B,21
0560,03.05.2006,12,14,30,31,33,42,20,B,13
0561,06.05.2006,04,22,37,38,42,46,35,B,19
0562,10.05.2006,08,29,32,39,41,48,02,A,13
0563,13.05.2006,14,16,33,37,38,40,43,A,20
0564,17.05.2006,01,14,15,16,25,47,39,B,22
0565,20.05.2006,08,09,10,17,19,36,04,B,20
0566,24.05.2006,06,17,27,32,33,35,10,B,16
0567,27.05.2006,10,20,22,32,37,42,08,A,20
0568,31.05.2006,02,03,06,07,17,40,08,B,16
0569,03.06.2006,10,21,22,25,29,39,48,A,24
0570,07.06.2006,07,10,16,18,29,33,47,B,15
0571,10.06.2006,25,32,34,36,41,44,08,A,13
0572,14.06.2006,01,09,23,27,33,47,45,B,14
0573,17.06.2006,08,11,19,37,41,43,17,B,24
0574,21.06.2006,01,02,06,21,29,41,46,B,15
0575,24.06.2006,09,22,28,40,45,48,26,A,16
0576,28.06.2006,02,08,11,21,47,48,23,A,15
0577,01.07.2006,02,05,28,34,44,48,29,B,22
0578,05.07.2006,02,05,14,16,17,49,34,B,17
0579,08.07.2006,18,20,27,34,42,46,03,A,16
0580,12.07.2006,03,13,18,26,28,30,21,B,15
0581,15.07.2006,06,16,24,41,44,48,27,B,13
0582,19.07.2006,01,03,09,16,30,45,20,B,24
0583,22.07.2006,02,11,15,16,17,18,08,A,17
0584,26.07.2006,10,12,19,38,41,47,37,B,20
0585,29.07.2006,05,06,14,23,31,41,30,B,14
0586,02.08.2006,19,20,21,24,36,43,14,A,20
0587,05.08.2006,08,15,30,31,37,42,25,B,19
0588,09.08.2006,13,14,25,39,45,49,30,B,14
0589,12.08.2006,11,13,15,27,31,34,05,A,18
0590,16.08.2006,01,03,09,29,44,46,08,B,19
0591,19.08.2006,05,06,10,33,48,49,04,B,18
0592,23.08.2006,16,18,20,43,48,49,19,A,15
0593,26.08.2006,04,17,21,24,27,48,30,A,18
0594,30.08.2006,11,18,25,32,42,49,24,A,14
0595,02.09.2006,16,23,24,25,38,41,44,B,8,
0596,06.09.2006,16,20,23,36,42,46,27,A,14
0597,09.09.2006,09,16,23,24,27,34,39,A,8,
0598,13.09.2006,06,07,10,22,30,45,31,B,20
0599,16.09.2006,23,28,33,34,40,46,48,A,21
0600,20.09.2006,07,16,23,24,38,49,35,B,14
0601,23.09.2006,05,06,21,29,31,33,03,B,15
0602,27.09.2006,02,10,11,15,20,25,33,B,14
0603,30.09.2006,09,14,28,42,46,49,29,B,20
0604,04.10.2006,28,29,34,41,47,48,37,A,22
0605,07.10.2006,05,07,08,17,30,49,06,B,20
0606,11.10.2006,08,16,20,27,31,39,33,A,17
0607,14.10.2006,07,09,28,30,36,46,29,A,15
0608,18.10.2006,06,08,17,18,42,49,39,A,20
0609,21.10.2006,08,09,26,29,43,47,42,B,13
0610,25.10.2006,04,11,18,34,44,49,43,A,20
0611,28.10.2006,02,24,40,41,48,49,45,B,8,
0612,01.11.2006,10,13,30,31,38,46,04,A,18
0613,04.11.2006,17,23,24,26,39,40,33,B,17
0614,08.11.2006,02,06,17,35,37,45,07,B,12
0615,11.11.2006,01,02,04,13,15,33,35,B,13
0616,15.11.2006,07,14,16,26,28,40,33,B,21
0617,18.11.2006,05,06,16,17,23,26,24,B,17
0618,22.11.2006,02,10,13,14,16,30,32,A,19
0619,25.11.2006,07,09,11,17,20,27,22,A,22
0620,29.11.2006,06,10,11,15,25,27,07,A,12
0621,02.12.2006,03,12,15,17,43,49,44,B,14
0622,06.12.2006,04,09,11,33,34,42,38,B,20
0623,09.12.2006,01,04,09,23,35,36,15,B,12
0624,13.12.2006,08,15,16,31,48,49,06,A,16
0625,16.12.2006,12,15,42,43,46,47,40,A,14
0626,20.12.2006,09,11,16,17,19,42,38,B,21
0627,23.12.2006,08,13,32,37,41,44,46,B,24
0628,27.12.2006,04,27,28,29,33,34,13,A,19
0629,30.12.2006,05,21,27,28,33,36,49,B,14
0630,03.01.2007,01,02,27,30,36,39,03,B,20
0631,06.01.2007,10,20,29,31,39,44,19,B,16
0632,10.01.2007,02,03,04,10,12,38,05,B,13
0633,13.01.2007,07,15,21,26,33,44,09,B,19
0634,17.01.2007,04,06,08,25,26,27,32,B,21
0635,20.01.2007,05,07,09,11,17,22,48,A,23
0636,24.01.2007,01,11,27,37,42,49,38,B,15
0637,27.01.2007,03,11,14,25,28,41,39,B,22
0638,31.01.2007,05,12,15,17,45,47,08,A,24
0639,03.02.2007,03,17,20,33,34,47,45,A,16
0640,07.02.2007,06,13,18,23,34,41,44,B,24
0641,10.02.2007,04,22,29,34,35,47,40,A,21
0642,14.02.2007,15,34,35,38,43,47,02,A,18
0643,17.02.2007,02,06,34,41,42,44,35,A,21
0644,21.02.2007,11,18,29,44,45,47,37,A,15
0645,24.02.2007,07,09,34,37,41,49,13,B,18
0646,28.02.2007,27,30,32,35,43,45,26,A,20
0647,03.03.2007,04,19,24,29,34,44,22,B,17
0648,07.03.2007,06,12,23,44,45,48,47,B,18
0649,10.03.2007,02,10,12,26,43,44,48,A,14
0650,14.03.2007,06,11,16,27,29,49,19,A,20
0651,17.03.2007,03,08,15,28,31,48,04,B,17
0652,21.03.2007,02,04,07,31,37,43,10,A,19
0653,24.03.2007,04,05,07,18,48,49,30,A,15
0654,28.03.2007,01,14,16,30,36,42,12,A,17
0655,31.03.2007,04,14,22,30,34,37,42,B,15
0711,13.10.2007,04,12,34,40,41,48,38,Mapula31
0712,17.10.2007,06,27,28,42,46,49,48,Mapula30
0713,20.10.2007,12,21,30,35,36,41,23,Khensani28
0714,24.10.2007,29,36,41,42,46,49,08,Ndyebokazi31
0715,27.10.2007,03,17,21,32,43,47,05,Mapula41
0716,31.10.2007,15,35,40,43,44,47,42,Mapula38
0717,03.11.2007,23,26,33,43,44,45,39,Khensani32
0718,07.11.2007,12,23,26,32,46,48,20,Suikerbossie30
0719,10.11.2007,01,02,29,33,35,36,08,Khensani34
0720,14.11.2007,08,17,19,23,33,35,16,Khensani32
0721,17.11.2007,11,24,39,41,45,48,30,Khensani26
0722,21.11.2007,04,08,15,17,41,44,16,Ndyebokazi31
0723,24.11.2007,15,19,20,27,31,40,10,Khensani26
0724,28.11.2007,12,17,24,34,44,46,32,Ndyebokazi40
0725,01.12.2007,03,04,12,19,44,49,48,Suikerbossie31
0726,05.12.2007,03,20,23,32,34,37,49,Suikerbossie28
0727,08.12.2007,02,21,23,25,33,42,03,Ndyebokazi42
0728,12.12.2007,01,02,21,31,33,38,23,Mapula39
0729,15.12.2007,14,19,25,27,30,48,22,Ndyebokazi41
0730,19.12.2007,04,09,17,26,44,47,15,Khensani40
0731,22.12.2007,01,02,09,19,33,38,46,Mapula35
0732,26.12.2007,07,17,29,32,36,42,04,Mapula44
0733,29.12.2007,02,05,12,27,37,40,39,Suikerbossie43
0734,02.01.2008,01,04,13,32,33,37,16,Suikerbossie36
0735,05.01.2008,01,10,11,12,20,30,15,Khensani35
0736,09.01.2008,08,12,23,37,40,46,30,Khensani39
0737,12.01.2008,06,12,17,18,27,49,36,Mapula31
0738,16.01.2008,03,33,34,38,41,49,27,Mapula26
0739,19.01.2008,15,19,27,33,37,46,26,Khensani44
0740,23.01.2008,04,07,17,23,33,37,10,Khensani35
0741,26.01.2008,05,08,34,42,46,49,32,Khensani26
0742,30.01.2008,18,19,27,44,45,48,02,Mapula36
0743,02.02.2008,05,09,11,23,24,48,38,Mapula29
0744,06.02.2008,06,15,23,34,35,46,37,Khensani35
0745,09.02.2008,02,11,23,33,44,49,31,Mapula36
0746,13.02.2008,08,26,30,34,36,43,11,Suikerbossie34
0747,16.02.2008,07,08,19,41,45,48,32,Khensani43
0748,20.02.2008,06,14,29,36,41,44,15,Mapula29
0749,23.02.2008,05,13,14,21,33,48,39,Suikerbossie42
0750,27.02.2008,14,20,26,30,37,41,03,Suikerbossie38
0751,01.03.2008,02,17,24,39,42,43,23,Khensani43
0752,05.03.2008,02,07,12,19,25,49,18,Suikerbossie30
0753,08.03.2008,01,11,16,18,29,45,36,Mapula31
0754,12.03.2008,09,16,17,35,40,43,48,Suikerbossie40
0755,15.03.2008,09,13,31,35,41,45,27,Ndyebokazi43
0756,19.03.2008,11,22,25,32,41,42,16,Suikerbossie39
0757,22.03.2008,01,14,17,21,23,31,37,Mapula35
0758,26.03.2008,16,21,29,40,41,43,49,Suikerbossie31
0759,29.03.2008,06,12,17,25,33,48,45,Suikerbossie30
0760,02.04.2008,03,04,16,19,22,27,44,Mapula42
0761,05.04.2008,02,06,07,10,41,47,16,Suikerbossie36
0762,09.04.2008,03,09,21,46,47,48,22,Mapula31
0763,12.04.2008,02,07,12,14,15,35,45,Mapula42
0764,16.04.2008,13,15,21,24,25,32,12,Mapula39
0765,19.04.2008,04,17,24,27,29,39,45,Suikerbossie34
0766,23.04.2008,11,22,24,32,47,48,26,Mapula26
0767,26.04.2008,15,20,21,25,45,49,43,Mapula36
0768,30.04.2008,11,19,25,31,35,48,39,Ndyebokazi36
0769,03.05.2008,07,10,16,25,33,39,01,Suikerbossie29
0770,07.05.2008,02,03,07,22,33,48,06,Ndyebokazi34
0771,10.05.2008,05,07,08,09,10,30,48,Mapula26
0772,14.05.2008,13,14,17,26,34,38,19,Ndyebokazi36
0773,17.05.2008,01,09,14,16,47,49,13,Suikerbossie30
0774,21.05.2008,15,20,28,29,34,44,38,Ndyebokazi45
0775,24.05.2008,02,11,22,26,28,38,35,Suikerbossie36
0776,28.05.2008,01,25,30,32,35,48,29,Mapula48
0777,31.05.2008,02,03,29,31,43,48,33,Ndyebokazi49
0778,04.06.2008,09,24,31,32,34,44,22,Mapula41
0779,07.06.2008,06,08,14,29,34,46,17,Mapula52
0780,11.06.2008,11,13,19,20,24,40,03,Ndyebokazi54
0781,14.06.2008,03,05,21,32,33,43,20,Suikerbossie46
0782,18.06.2008,13,19,20,23,25,35,32,Mapula48
0783,21.06.2008,05,12,17,27,30,48,19,Mapula53
0784,25.06.2008,12,17,20,22,33,48,26,Suikerbossie34
0785,28.06.2008,03,05,18,30,35,40,19,Suikerbossie38
0786,02.07.2008,06,11,14,31,33,40,41,Suikerbossie52
0787,05.07.2008,05,19,23,31,37,44,48,Mapula47
0788,09.07.2008,02,17,25,28,29,38,48,Suikerbossie26
0789,12.07.2008,03,06,31,42,46,49,41,Suikerbossie50
0790,16.07.2008,03,05,14,35,37,48,49,Mapula36
0791,19.07.2008,03,15,33,34,39,47,46,Khensani40
0792,23.07.2008,02,12,13,22,30,40,46,Suikerbossie43
0793,26.07.2008,02,10,11,35,46,48,19,Mapula53
0794,30.07.2008,06,17,18,23,28,30,32,Suikerbossie51
0795,02.08.2008,05,12,13,16,42,48,03,Suikerbossie41
0796,06.08.2008,07,08,10,16,36,37,34,Suikerbossie46
0797,09.08.2008,13,19,39,40,43,46,37,Suikerbossie30
0798,13.08.2008,15,18,26,33,36,43,10,Khensani54
0799,16.08.2008,03,09,13,24,28,43,02,Khensani26
0800,20.08.2008,07,11,13,27,30,46,39,Khensani48
0801,23.08.2008,18,19,20,28,38,41,46,Suikerbossie45
0802,27.08.2008,03,07,27,31,33,40,30,Mapula40
0803,30.08.2008,02,14,26,29,33,34,13,Mapula43
0804,03.09.2008,11,17,27,32,35,40,19,Suikerbossie49
0805,06.09.2008,02,10,24,27,38,42,44,Mapula29
0806,10.09.2008,02,13,25,28,38,44,40,Suikerbossie52
0807,13.09.2008,02,21,23,26,30,45,16,Mapula51
0808,17.09.2008,21,26,30,31,33,38,14,Suikerbossie54
0809,20.09.2008,02,29,35,36,37,38,30,Khensani26
0810,24.09.2008,02,14,22,27,47,49,41,Suikerbossie33
0811,27.09.2008,17,34,35,43,44,46,48,Suikerbossie45
0812,01.10.2008,20,25,29,32,33,49,48,Mapula44
0813,04.10.2008,08,09,10,20,26,43,45,Suikerbossie46
0814,08.10.2008,01,02,06,18,29,39,25,Ndyebokazi41
0815,11.10.2008,06,16,19,40,42,44,09,Mapula36
0816,15.10.2008,26,31,34,43,47,49,39,Mapula40
0817,18.10.2008,06,08,22,24,32,44,27,Khensani39
0818,22.10.2008,05,10,12,19,29,44,07,Mapula34
0819,25.10.2008,03,16,24,30,38,45,14,Ndyebokazi37
0820,29.10.2008,13,14,22,25,27,35,16,Khensani55
0821,01.11.2008,01,05,31,36,39,49,40,Ndyebokazi33
0822,05.11.2008,14,17,35,38,39,45,26,Khensani51
0823,08.11.2008,02,28,30,39,41,42,06,Ndyebokazi54
0824,12.11.2008,03,07,13,15,20,47,01,Khensani47
0825,15.11.2008,01,09,12,33,46,47,06,Ndyebokazi38
0826,19.11.2008,11,16,24,29,45,46,03,Khensani30
0827,22.11.2008,06,14,16,19,38,47,26,Khensani44
0828,26.11.2008,02,22,24,29,48,49,28,Mapula41
0829,29.11.2008,01,05,06,29,38,49,35,Ndyebokazi29
0830,03.12.2008,04,05,08,26,29,41,42,Khensani39
0831,06.12.2008,11,16,19,27,37,46,14,Mapula33
0832,10.12.2008,19,21,30,35,41,46,26,Khensani37
0833,13.12.2008,03,04,12,30,48,49,32,Mapula51
0834,17.12.2008,11,17,20,26,28,32,09,Khensani54
0835,20.12.2008,16,26,36,39,41,47,14,Ndyebokazi47
0836,24.12.2008,06,08,23,32,36,48,24,Ndyebokazi48
0837,27.12.2008,14,18,21,29,32,41,17,Khensani43
0838,31.12.2008,08,10,11,15,37,46,40,Mapula41
0839,03.01.2009,02,05,07,09,25,48,42,Mapula34
0840,07.01.2009,07,23,27,29,35,40,10,Ndyebokazi40
0841,10.01.2009,03,22,24,29,39,47,27,Khensani33
0842,14.01.2009,08,09,11,12,23,24,19,Ndyebokazi39
0843,17.01.2009,17,22,34,36,40,43,25,Suikerbossie51
0844,21.01.2009,10,11,19,34,37,39,21,Ndyebokazi25
0845,24.01.2009,11,17,20,32,34,47,02,Suikerbossie27
0846,28.01.2009,09,13,17,33,39,44,03,Suikerbossie35
0847,31.01.2009,12,17,23,41,43,49,20,Suikerbossie40
0848,04.02.2009,02,04,19,23,34,40,43,Khensani48
0849,07.02.2009,03,13,17,28,37,49,30,Ndyebokazi27
0850,11.02.2009,07,17,25,26,34,46,43,Khensani41
0851,14.02.2009,07,12,26,32,35,49,20,Ndyebokazi53
0852,18.02.2009,15,28,29,36,41,47,08,Ndyebokazi25
0853,21.02.2009,03,10,19,35,38,41,42,Ndyebokazi55
0854,25.02.2009,01,04,14,15,18,29,27,Ndyebokazi49
0855,28.02.2009,08,29,31,37,40,47,22,Khensani38
0856,04.03.2009,10,30,32,34,35,44,25,Suikerbossie34
0857,07.03.2009,03,07,12,17,21,29,18,Ndyebokazi29
0858,11.03.2009,07,16,19,32,41,44,24,Khensani39
0859,14.03.2009,04,06,10,17,28,37,15,Khensani37
0860,18.03.2009,12,16,17,37,41,49,20,Ndyebokazi50
0861,21.03.2009,05,09,27,41,45,47,20,Suikerbossie43
0862,25.03.2009,07,14,15,20,22,47,46,Khensani25
0863,28.03.2009,12,18,19,20,31,37,04,Ndyebokazi54
0864,01.04.2009,02,04,17,21,25,30,01,Ndyebokazi52
0865,04.04.2009,01,08,10,17,29,39,12,Khensani27
0866,08.04.2009,07,19,22,35,39,40,29,Mapula38
0867,11.04.2009,01,14,16,35,37,42,13,Ndyebokazi34
0868,15.04.2009,05,17,28,31,43,45,03,Khensani27
0869,18.04.2009,08,25,26,29,33,43,14,Mapula51
0870,22.04.2009,01,16,17,32,43,44,06,Mapula50
0871,25.04.2009,20,24,25,39,43,44,28,Ndyebokazi43
0872,29.04.2009,02,03,28,34,39,47,10,Ndyebokazi52
0873,02.05.2009,14,17,31,39,41,48,44,Mapula53
0874,06.05.2009,06,07,11,13,23,42,04,Mapula24
0875,09.05.2009,07,08,19,34,38,42,28,Ndyebokazi33
0876,13.05.2009,03,14,19,31,33,40,07,Khensani38
0877,16.05.2009,07,17,19,29,38,42,09,Khensani37
0878,20.05.2009,08,12,28,36,41,48,47,Ndyebokazi29
0879,23.05.2009,13,23,40,41,42,46,31,Mapula35
0880,27.05.2009,03,15,20,21,38,43,45,Khensani44
0881,30.05.2009,01,02,09,14,41,43,24,Mapula25
0882,03.06.2009,09,30,39,44,46,48,20,Ndyebokazi40
0883,06.06.2009,05,15,18,22,33,35,47,Khensani33
0884,10.06.2009,08,09,25,42,44,49,16,Ndyebokazi55
0885,13.06.2009,29,30,35,42,44,49,24,Khensani38
0886,17.06.2009,12,14,30,42,43,45,17,Ndyebokazi29
0887,20.06.2009,06,19,21,30,32,45,15,Mapula49
0888,24.06.2009,04,09,24,35,36,38,16,Ndyebokazi43
0889,27.06.2009,02,03,05,33,36,40,42,Khensani40
0890,01.07.2009,04,11,16,17,30,40,26,Mapula48
0891,04.07.2009,01,09,17,18,22,38,20,Ndyebokazi44
0892,08.07.2009,07,10,21,30,37,39,08,Ndyebokazi29
0893,11.07.2009,15,18,30,41,43,48,10,Khensani49
0894,15.07.2009,07,09,14,35,37,42,48,Mapula48
0895,18.07.2009,02,05,21,35,43,47,39,Mapula27
0896,22.07.2009,09,16,21,23,25,45,26,Ndyebokazi39
0897,25.07.2009,14,29,34,36,37,44,32,Khensani40
0898,29.07.2009,08,19,24,36,40,45,29,Khensani51
0899,01.08.2009,13,19,30,34,39,46,37,Ndyebokazi24
0900,05.08.2009,05,15,27,43,44,48,24,Ndyebokazi35
0901,08.08.2009,10,16,26,40,46,48,37,Khensani25
0902,12.08.2009,02,14,16,22,41,44,06,Khensani51
0903,15.08.2009,03,13,24,25,32,40,41,Khensani39
0904,19.08.2009,18,21,22,43,46,47,44,Mapula27
0905,22.08.2009,15,23,24,43,45,47,12,Mapula37
0906,26.08.2009,07,11,24,26,32,35,23,Mapula45
0907,29.08.2009,06,15,19,30,33,37,17,Khensani51
0908,02.09.2009,06,07,10,42,47,49,39,Khensani27
0909,05.09.2009,02,22,24,28,45,48,04,Khensani37
0910,09.09.2009,09,20,30,42,46,48,13,Ndyebokazi45
0911,12.09.2009,02,05,17,19,37,45,30,Mapula24
0912,16.09.2009,02,16,23,26,35,39,38,Mapula35
0913,19.09.2009,14,21,25,37,39,42,07,Ndyebokazi38
0914,23.09.2009,04,07,09,12,21,33,41,Khensani26
0915,26.09.2009,11,16,23,26,41,49,20,Mapula37
0916,30.09.2009,09,10,21,23,33,48,06,Mapula35
0917,03.10.2009,09,12,18,26,33,35,34,Ndyebokazi24
0918,07.10.2009,30,33,34,41,44,45,18,Khensani53
0919,10.10.2009,03,11,16,28,38,44,48,Ndyebokazi26
0920,14.10.2009,09,11,15,22,36,42,28,Mapula53
0921,17.10.2009,03,08,18,31,32,43,22,Tsakani,38
0922,21.10.2009,05,13,18,24,34,46,42,Mooinooi24
0923,24.10.2009,07,16,21,24,33,42,27,Mooinooi41
0924,28.10.2009,08,15,19,23,39,49,40,Mooinooi26
0925,31.10.2009,09,11,13,20,44,46,16,Mooinooi48
0926,04.11.2009,06,07,30,31,39,47,49,Mooinooi44
0927,07.11.2009,18,24,25,31,35,42,38,Mooinooi45
0928,11.11.2009,07,15,19,22,25,26,04,Dimakatso,54
0929,14.11.2009,03,11,19,29,35,36,27,Mooinooi53
0930,18.11.2009,11,15,22,41,42,45,10,Tsakani,38
0931,21.11.2009,19,21,22,34,44,49,47,Tsakani,44
0932,25.11.2009,08,09,26,27,36,39,12,Mooinooi27
0933,28.11.2009,12,28,30,39,40,46,43,Dimakatso,48
0934,02.12.2009,03,18,22,26,45,49,48,Tsakani,28
0935,05.12.2009,05,13,16,22,27,46,15,Tsakani,41
0936,09.12.2009,25,28,40,42,45,48,27,Tsakani,53
0937,12.12.2009,01,18,24,25,35,37,36,Mooinooi50
0938,16.12.2009,01,16,26,32,43,45,07,Mooinooi27
0939,19.12.2009,06,13,21,24,38,40,28,Mooinooi28
0940,23.12.2009,02,04,08,18,25,43,49,Mooinooi32
0941,26.12.2009,14,17,19,22,31,44,32,Tsakani,33
0942,30.12.2009,04,15,19,24,40,45,49,Tsakani,43
0943,02.01.2010,14,21,28,31,37,38,16,Tsakani,54
0944,06.01.2010,03,25,26,29,33,38,13,Tsakani,47
0945,09.01.2010,04,18,24,29,41,45,19,Mooinooi41
0946,13.01.2010,04,23,26,27,38,45,02,Mooinooi40
0947,16.01.2010,16,24,27,38,44,48,28,Mooinooi33
0948,20.01.2010,04,07,11,12,16,49,45,Mooinooi32
0949,23.01.2010,06,10,11,21,41,43,49,Mooinooi27
0950,27.01.2010,10,24,29,33,44,47,11,Mandlakazi33
0951,30.01.2010,11,17,24,42,43,47,05,Dimakatso,34
0952,03.02.2010,01,10,29,31,33,49,26,Dimakatso,41
0953,06.02.2010,06,16,29,31,37,48,03,Mandlakazi45
0954,10.02.2010,12,18,19,22,45,47,41,Mandlakazi47
0955,13.02.2010,17,18,20,30,40,42,36,Dimakatso,48
0956,17.02.2010,03,07,10,12,25,27,05,Mooinooi40
0957,20.02.2010,07,08,17,18,34,35,31,Dimakatso,49
0958,24.02.2010,07,32,36,44,45,46,16,Mandlakazi54
0959,27.02.2010,04,09,13,21,41,44,38,Dimakatso,33
0960,03.03.2010,09,10,14,22,25,26,24,Mandlakazi38
0961,06.03.2010,26,30,35,38,43,45,05,Mandlakazi43
0962,10.03.2010,08,11,14,18,23,48,44,Mandlakazi44
0963,13.03.2010,04,05,19,21,40,43,07,Dimakatso,55
0964,17.03.2010,24,33,34,43,48,49,29,Mandlakazi49
0965,20.03.2010,06,12,20,28,38,43,23,Mooinooi51
0966,24.03.2010,02,06,11,16,45,46,40,Dimakatso,27
0967,27.03.2010,15,17,42,44,45,47,30,Dimakatso,32
0968,31.03.2010,03,09,18,24,33,41,05,Dimakatso,54
0969,03.04.2010,19,26,32,40,42,47,20,Mandlakazi38
0970,07.04.2010,16,18,19,24,41,45,48,Mandlakazi34
0971,10.04.2010,02,04,06,15,27,45,40,Mooinooi43
0972,14.04.2010,01,10,12,19,39,49,26,Mooinooi39
0973,17.04.2010,08,09,16,22,25,31,29,Dimakatso,44
0974,21.04.2010,09,10,16,17,18,46,41,Mooinooi43
0975,24.04.2010,01,03,04,13,16,39,48,Dimakatso,54
0976,28.04.2010,10,16,20,41,42,48,25,Dimakatso,55
0977,01.05.2010,04,09,13,26,42,44,22,Mandlakazi28
0978,05.05.2010,07,08,11,14,18,21,41,Mandlakazi33
0979,08.05.2010,12,20,22,27,38,44,13,Mandlakazi38
0980,12.05.2010,18,21,33,42,43,46,49,Mandlakazi48
0981,15.05.2010,06,07,21,34,44,45,31,Mooinooi47
0982,19.05.2010,20,26,30,32,34,41,25,Dimakatso,51
0983,22.05.2010,03,05,09,14,20,36,43,Mandlakazi44
0984,26.05.2010,11,18,39,40,42,44,28,Dimakatso,40
0985,29.05.2010,03,04,06,19,21,42,32,Mandlakazi49
0986,02.06.2010,01,06,11,16,37,45,05,Mandlakazi28
0987,05.06.2010,09,16,23,26,38,47,07,Mandlakazi32
0988,09.06.2010,04,17,23,26,30,49,09,Mandlakazi47
0989,12.06.2010,08,10,12,23,25,45,46,Mooinooi33
0990,16.06.2010,02,27,30,43,44,49,41,Dimakatso,35
0991,19.06.2010,07,21,23,27,45,49,47,Mooinooi29
0992,23.06.2010,09,23,34,37,38,43,11,Dimakatso,28
0993,26.06.2010,05,16,18,24,32,38,49,Mooinooi50
0994,30.06.2010,02,06,23,35,39,47,26,Dimakatso,29
0995,03.07.2010,01,18,38,39,45,49,26,Mandlakazi47
0996,07.07.2010,06,08,24,32,45,47,21,Mandlakazi40
0997,10.07.2010,02,04,19,27,31,49,26,Dimakatso,53
0998,14.07.2010,06,21,27,32,37,49,18,Mooinooi39
0999,17.07.2010,05,10,13,15,26,38,31,Mandlakazi29
1000,21.07.2010,10,13,24,26,41,46,05,Mandlakazi45
1001,24.07.2010,17,33,38,41,44,46,03,Mandlakazi53
1002,28.07.2010,03,05,11,14,19,49,23,Mooinooi35
1003,31.07.2010,08,14,20,22,28,49,17,Mooinooi39
1004,04.08.2010,02,11,15,21,39,42,40,Mandlakazi53
1005,07.08.2010,09,10,18,46,47,49,15,Dimakatso,45
1006,11.08.2010,01,14,20,26,39,46,07,Dimakatso,27
1007,14.08.2010,05,06,16,26,46,49,02,Dimakatso,37
1008,18.08.2010,22,24,27,36,40,43,15,Mandlakazi50
1009,21.08.2010,10,13,14,26,29,31,24,Mandlakazi38
1010,25.08.2010,01,04,06,22,40,45,39,Mooinooi28
1011,28.08.2010,08,12,33,34,37,44,38,Mandlakazi32
1012,01.09.2010,13,37,39,41,43,46,28,Mooinooi35
1013,04.09.2010,15,21,23,31,34,48,44,Mooinooi41
1014,08.09.2010,09,12,13,15,18,47,21,Dimakatso,47
1015,11.09.2010,13,20,31,32,36,38,19,Dimakatso,33
1016,15.09.2010,14,24,26,27,38,46,25,Mooinooi40
1017,18.09.2010,13,18,25,27,43,45,36,Dimakatso,55
1018,22.09.2010,02,07,21,22,33,38,11,Dimakatso,38
1019,25.09.2010,01,05,13,16,22,24,37,Mooinooi32
1020,29.09.2010,01,03,04,14,30,49,29,Mandlakazi44
1021,02.10.2010,01,02,19,23,33,37,16,Mooinooi41
1022,06.10.2010,01,10,13,17,20,47,24,Mandlakazi37
1023,09.10.2010,06,11,19,32,37,47,34,Mooinooi53
1024,13.10.2010,04,12,13,17,20,38,08,Dimakatso,33
1025,16.10.2010,04,21,22,25,37,47,13,Mandlakazi28
1026,20.10.2010,06,18,19,29,44,46,32,Dimakatso,32
1027,23.10.2010,08,12,17,19,20,36,39,Mandlakazi29
1028,27.10.2010,01,08,13,19,23,33,24,Dimakatso,35
1029,30.10.2010,05,12,17,29,30,39,26,Mooinooi53
1030,03.11.2010,12,16,17,19,27,44,05,Dimakatso,37
1031,06.11.2010,13,20,21,34,41,45,01,Dimakatso,48
1032,10.11.2010,12,19,25,26,28,40,38,Dimakatso,54
1033,13.11.2010,15,23,26,40,42,46,14,Mandlakazi51
1034,17.11.2010,18,22,33,35,41,46,31,Mooinooi28
1035,20.11.2010,07,17,34,37,38,39,36,Dimakatso,40
1036,24.11.2010,08,10,14,33,45,48,34,Dimakatso,39
1037,27.11.2010,01,09,23,27,28,31,22,Mandlakazi41
1038,01.12.2010,01,08,15,24,40,42,33,Mooinooi39
1039,04.12.2010,06,10,17,27,30,32,07,Dimakatso,38
1040,08.12.2010,06,19,24,26,38,49,32,Mooinooi32
1041,11.12.2010,02,03,11,16,30,37,46,Mooinooi52
1042,15.12.2010,06,13,28,32,37,49,08,Mandlakazi55
1043,18.12.2010,06,08,30,31,42,48,45,Mooinooi41
1044,22.12.2010,02,09,11,14,27,32,38,Dimakatso,29
1045,29.12.2010,31,33,39,41,42,48,24,Mandlakazi53
1046,01.01.2011,22,24,30,31,41,48,07,Mandlakazi48
1047,05.01.2011,01,04,08,12,20,33,19,Dimakatso,40
1048,08.01.2011,10,12,26,39,40,44,03,Dimakatso,35
1049,12.01.2011,05,13,28,33,34,42,43,Mandlakazi52
1050,15.01.2011,01,03,20,30,34,46,02,Dimakatso,54
1051,19.01.2011,05,07,15,23,29,33,43,Mooinooi27
1052,22.01.2011,02,08,10,29,33,46,13,Mandlakazi34
1053,26.01.2011,22,26,31,35,37,40,16,Dimakatso,50
1054,29.01.2011,06,07,16,31,32,38,08,Mooinooi53
1055,02.02.2011,02,05,06,13,32,49,18,Dimakatso,47
1056,05.02.2011,08,09,13,17,19,27,10,Mooinooi49
1057,09.02.2011,01,09,20,22,23,26,21,Dimakatso,54
1058,12.02.2011,08,12,25,35,46,47,39,Dimakatso,44
1059,16.02.2011,03,20,29,35,44,46,18,Dimakatso,45
1060,19.02.2011,16,17,19,25,26,48,46,Dimakatso,34
1061,23.02.2011,06,11,21,29,31,34,42,Mandlakazi35
1062,26.02.2011,10,19,24,27,38,49,47,Mandlakazi29
1063,02.03.2011,02,10,22,39,46,47,05,Mandlakazi28
1064,05.03.2011,13,14,15,23,24,47,32,Mooinooi27
1065,09.03.2011,01,08,12,21,31,46,47,Mandlakazi28
1066,12.03.2011,15,29,31,35,41,48,06,Dimakatso,33
1067,16.03.2011,04,05,26,30,32,48,44,Mooinooi34
1068,19.03.2011,03,10,14,35,37,40,25,Mooinooi29
1069,23.03.2011,03,07,13,18,24,43,46,Mandlakazi47
1070,26.03.2011,03,14,17,26,37,49,42,Mooinooi48
1071,30.03.2011,05,08,17,41,45,46,15,Mandlakazi43
1072,02.04.2011,01,02,09,17,20,28,44,Dimakatso,53
1073,06.04.2011,04,12,16,21,22,34,41,Dimakatso,54
1074,09.04.2011,12,36,38,39,42,47,24,Mooinooi41
1075,13.04.2011,15,16,18,20,21,35,25,Dimakatso,40
1076,16.04.2011,10,19,24,34,38,48,16,Mooinooi34
1077,20.04.2011,03,06,13,21,42,49,19,Mandlakazi29
1078,23.04.2011,02,05,10,18,25,32,03,Mooinooi28
1079,27.04.2011,07,10,13,14,21,31,39,Mandlakazi49
1080,30.04.2011,03,27,34,35,36,39,10,Mandlakazi32
1081,04.05.2011,20,28,37,39,46,48,16,Dimakatso,37
1082,07.05.2011,02,17,22,25,42,47,37,Mandlakazi27
1083,11.05.2011,08,12,14,15,18,46,19,Mandlakazi40
1084,14.05.2011,02,05,22,29,34,46,33,Mandlakazi45
1085,18.05.2011,12,22,23,39,44,47,07,Mooinooi51
1086,21.05.2011,05,12,17,24,29,30,06,Dimakatso,41
1087,25.05.2011,06,23,25,39,48,49,14,Mandlakazi47
1088,28.05.2011,04,10,14,22,40,41,36,Mandlakazi38
1089,01.06.2011,21,35,36,41,44,48,02,Dimakatso,28
1090,04.06.2011,07,13,18,21,40,41,46,Mandlakazi33
1091,08.06.2011,07,15,18,23,25,41,05,Dimakatso,27
1092,11.06.2011,20,27,28,34,38,45,21,Mandlakazi39
1093,15.06.2011,04,05,09,10,15,25,33,Dimakatso,45
1094,18.06.2011,05,14,16,23,29,34,10,Mooinooi45
1095,22.06.2011,07,17,20,25,29,39,40,Mandlakazi40
1096,25.06.2011,09,18,19,22,32,43,27,Mandlakazi51
1097,29.06.2011,24,33,38,39,45,47,18,Mandlakazi55
1098,02.07.2011,09,21,25,27,44,49,13,Dimakatso,50
1099,06.07.2011,06,10,25,27,30,40,23,Mooinooi54
1100,09.07.2011,06,12,17,18,20,43,24,Mandlakazi47
1101,13.07.2011,01,07,08,17,39,47,38,Mandlakazi48
1102,16.07.2011,04,07,17,43,45,48,05,Dimakatso,34
1103,20.07.2011,12,28,33,36,38,39,44,Dimakatso,32
1104,23.07.2011,02,20,23,27,31,49,12,Mandlakazi47
1105,27.07.2011,20,21,33,40,41,44,05,Mandlakazi35
1106,30.07.2011,04,13,23,33,39,48,10,Mooinooi43
1107,03.08.2011,03,07,11,28,43,44,21,Mandlakazi27
1108,06.08.2011,09,13,18,23,35,39,38,Dimakatso,45
1109,10.08.2011,20,21,34,39,47,49,41,Dimakatso,44
1110,13.08.2011,11,20,22,23,28,33,47,Mooinooi48
1111,17.08.2011,01,02,20,21,42,49,05,Mooinooi40
1112,20.08.2011,03,26,28,41,42,45,46,Dimakatso,55
1113,24.08.2011,03,18,21,31,42,45,25,Dimakatso,52
1114,27.08.2011,13,16,32,36,44,45,10,Mandlakazi50
1115,31.08.2011,16,20,25,32,38,44,21,Mooinooi32
1116,03.09.2011,02,08,12,31,47,49,05,Mandlakazi48
1117,07.09.2011,07,15,23,24,43,47,31,Mandlakazi37
1118,10.09.2011,02,05,13,24,26,31,12,Mandlakazi28
1119,14.09.2011,08,12,15,44,46,47,35,Mandlakazi53
1120,17.09.2011,02,04,05,08,16,29,23,Mooinooi52
1121,21.09.2011,10,19,26,27,30,36,15,Mooinooi34
1122,24.09.2011,09,10,22,28,32,49,48,Mooinooi40
1123,28.09.2011,06,16,21,38,41,48,44,Dimakatso,51
1124,01.10.2011,11,13,15,16,20,25,29,Mandlakazi45
1125,05.10.2011,05,15,21,29,38,47,37,Dimakatso,28
1126,08.10.2011,11,12,24,25,38,43,36,Dimakatso,47
1127,12.10.2011,02,08,09,19,25,47,13,Dimakatso,53
1128,15.10.2011,22,23,26,29,35,41,43,Mooinooi52
1129,19.10.2011,02,11,20,39,44,45,33,Mandlakazi37
1130,22.10.2011,06,10,15,27,33,39,36,Mandlakazi38
1131,26.10.2011,06,18,22,27,29,41,03,Mooinooi27
1132,29.10.2011,03,05,11,13,14,34,42,Mandlakazi29
1133,02.11.2011,10,11,12,20,34,39,36,Mooinooi37
1134,05.11.2011,05,16,33,36,39,40,41,Mooinooi33
1135,09.11.2011,01,13,14,17,29,41,24,Mandlakazi28
1136,12.11.2011,02,08,14,33,41,46,04,Mandlakazi38
1137,16.11.2011,07,11,28,35,43,44,46,Mandlakazi50
1138,19.11.2011,01,24,30,40,43,44,13,Dimakatso,28
1139,23.11.2011,08,19,27,33,39,47,46,Dimakatso,34
1140,26.11.2011,02,06,07,11,23,45,27,Mooinooi32
1141,30.11.2011,03,25,29,35,44,48,17,Dimakatso,49
1142,03.12.2011,06,21,29,31,34,39,03,Mooinooi54
1143,07.12.2011,04,08,20,21,39,44,36,Mooinooi40
1144,10.12.2011,22,28,32,44,46,47,33,Mandlakazi44
1145,14.12.2011,04,19,36,37,38,48,15,Mooinooi43
1146,17.12.2011,25,26,29,31,35,47,22,Mooinooi47
1147,21.12.2011,15,20,22,29,36,48,37,Mooinooi32
1148,24.12.2011,25,26,29,37,39,42,12,Dimakatso,50
1149,28.12.2011,05,06,07,08,19,21,48,Mandlakazi27
1150,31.12.2011,02,07,13,18,24,49,28,Mooinooi51
1151,04.01.2012,03,30,33,36,45,46,26,Dimakatso,28
1152,07.01.2012,05,07,11,20,27,36,49,Dimakatso,27
1153,11.01.2012,03,04,10,14,32,33,25,Mandlakazi45
1154,14.01.2012,02,06,09,30,37,40,19,Dimakatso,51
1155,18.01.2012,21,24,31,33,40,45,04,Mandlakazi38
1156,21.01.2012,05,06,25,34,36,39,33,Mandlakazi49
1157,25.01.2012,05,10,17,23,37,45,15,Dimakatso,37
1158,28.01.2012,04,05,08,13,25,39,28,Dimakatso,48
1159,01.02.2012,09,11,12,20,31,34,13,Mooinooi33
1160,04.02.2012,09,24,34,37,44,46,04,Dimakatso,45
1161,08.02.2012,01,04,12,15,42,44,21,Dimakatso,27
1162,11.02.2012,04,08,19,38,43,45,32,Dimakatso,35
1163,15.02.2012,11,13,17,21,31,38,08,Mandlakazi28
1164,18.02.2012,02,28,29,30,32,40,14,Mandlakazi29
1165,22.02.2012,06,19,32,38,39,46,41,Dimakatso,33
1166,25.02.2012,03,10,15,23,33,38,41,Dimakatso,32
1167,29.02.2012,06,12,13,24,34,35,37,Dimakatso,55
1168,03.03.2012,09,15,20,29,33,41,03,Mooinooi37
1169,07.03.2012,14,21,27,29,44,47,26,Dimakatso,50
1170,10.03.2012,07,15,35,39,40,44,10,Dimakatso,48
1171,14.03.2012,02,17,24,26,28,40,13,Dimakatso,29
1172,17.03.2012,13,14,18,43,47,48,32,Mandlakazi39
1173,21.03.2012,14,15,21,35,47,48,20,Dimakatso,49
1174,24.03.2012,02,15,16,17,18,47,04,Mooinooi43
1175,28.03.2012,04,06,08,10,35,40,03,Mandlakazi47
1176,31.03.2012,02,19,22,30,32,48,18,Mooinooi38
1177,04.04.2012,07,09,12,19,35,46,10,Mooinooi50
1178,07.04.2012,09,13,31,34,42,43,27,Mandlakazi45
1179,11.04.2012,09,15,27,32,36,44,08,Mooinooi27
1180,14.04.2012,04,05,17,27,43,49,13,Mooinooi29
1181,18.04.2012,01,03,04,12,13,23,11,Dimakatso,28
1182,21.04.2012,06,08,09,22,25,40,11,Dimakatso,55
1183,25.04.2012,06,28,40,43,45,47,03,Dimakatso,32
1184,28.04.2012,14,26,32,42,44,48,20,Dimakatso,40
1185,02.05.2012,09,25,28,35,41,46,20,Mandlakazi45
1186,05.05.2012,03,13,17,27,28,48,01,Tsakani,49
1187,09.05.2012,18,22,35,39,41,43,26,Mandlakazi34
1188,12.05.2012,05,24,29,33,40,47,14,Tsakani,38
1189,16.05.2012,06,12,32,37,39,43,34,Mandlakazi43
1190,19.05.2012,08,14,16,18,40,41,11,Dimakatso,54
1191,23.05.2012,03,06,11,16,29,42,31,Dimakatso,28
1192,26.05.2012,02,13,24,34,40,47,06,Dimakatso,27
1193,30.05.2012,03,20,22,34,38,46,12,Mandlakazi54
1194,02.06.2012,04,10,31,33,36,37,29,Dimakatso,37
1195,06.06.2012,06,17,24,32,34,49,26,Mandlakazi38
1196,09.06.2012,09,11,15,26,40,48,17,Mandlakazi51
1197,13.06.2012,09,14,16,20,41,43,13,Dimakatso,48
1198,16.06.2012,08,17,19,21,39,44,31,Dimakatso,50
1199,20.06.2012,24,25,27,28,29,46,01,Dimakatso,41
1200,23.06.2012,11,16,23,24,36,48,45,Dimakatso,37
1201,27.06.2012,15,24,27,39,46,49,18,Tsakani,33
1202,30.06.2012,05,08,15,17,25,44,07,Tsakani,32
1203,04.07.2012,07,10,16,21,31,48,38,Dimakatso,27
1204,07.07.2012,06,11,26,28,29,43,35,Mandlakazi45
1205,11.07.2012,04,08,21,31,33,48,07,Dimakatso,38
1206,14.07.2012,12,20,22,27,40,44,07,Tsakani,45
1207,18.07.2012,02,07,12,25,30,39,13,Dimakatso,32
1208,21.07.2012,05,07,30,31,32,48,13,Dimakatso,35
1209,25.07.2012,20,24,30,40,41,44,21,Dimakatso,28
1210,28.07.2012,06,26,29,33,35,38,39,Tsakani,55
1211,01.08.2012,06,11,12,22,44,48,37,Mandlakazi29
1212,04.08.2012,05,17,18,24,28,42,02,Tsakani,38
1213,08.08.2012,16,18,22,24,30,40,48,Tsakani,34
1214,11.08.2012,02,11,12,22,27,37,09,Dimakatso,28
1215,15.08.2012,01,05,15,16,18,20,12,Mandlakazi33
1216,18.08.2012,02,23,30,44,46,47,28,Mandlakazi40
1217,22.08.2012,19,22,29,35,48,49,36,Mandlakazi27
1218,25.08.2012,02,05,12,13,22,35,33,Dimakatso,29
1219,29.08.2012,03,12,15,24,36,43,21,Tsakani,27
1220,01.09.2012,09,17,24,26,35,41,11,Tsakani,40
1221,05.09.2012,04,06,07,16,35,49,26,Dimakatso,47
1222,08.09.2012,05,12,17,29,39,42,27,Mandlakazi48
1223,12.09.2012,15,18,27,28,29,46,13,Dimakatso,54
1224,15.09.2012,12,15,24,33,40,47,30,Tsakani,49
1225,19.09.2012,01,12,35,46,47,49,13,Dimakatso,55
1226,22.09.2012,01,04,05,13,18,43,22,Dimakatso,40
1227,26.09.2012,01,06,17,20,23,29,47,Dimakatso,33
1228,29.09.2012,07,24,34,35,39,46,44,Mandlakazi47
1229,03.10.2012,08,12,25,33,35,36,30,Tsakani,37
1230,06.10.2012,07,13,21,27,36,39,24,Mandlakazi40
1231,10.10.2012,08,13,14,25,35,37,20,Tsakani,51
1232,13.10.2012,10,11,16,18,24,37,19,Dimakatso,54
1233,17.10.2012,06,14,20,26,30,42,44,Mandlakazi55
1234,20.10.2012,01,02,22,31,40,44,17,Tsakani,35
1235,24.10.2012,07,16,20,24,33,41,29,Mandlakazi28
1236,27.10.2012,01,03,06,07,10,38,19,Tsakani,50
1237,31.10.2012,03,05,13,14,25,27,19,Mandlakazi45
1238,03.11.2012,07,08,20,28,41,42,14,Mandlakazi54
1239,07.11.2012,03,08,17,18,37,44,12,Mandlakazi48
1240,10.11.2012,19,29,33,35,39,45,34,Mandlakazi33
1241,14.11.2012,01,13,28,31,40,49,37,Tsakani,39
1242,17.11.2012,03,04,08,21,33,34,22,Dimakatso,40
1243,21.11.2012,18,21,28,30,35,39,19,Mandlakazi49
1244,24.11.2012,07,11,13,21,22,24,17,Mandlakazi49
1245,28.11.2012,02,10,28,29,35,43,41,Tsakani,51
1246,01.12.2012,06,11,16,30,33,35,39,Dimakatso,50
1247,05.12.2012,05,08,14,30,32,40,11,Tsakani,33
1248,08.12.2012,02,11,14,19,43,47,45,Tsakani,35
1249,12.12.2012,03,07,16,19,28,43,20,Tsakani,27
1250,15.12.2012,02,17,32,39,47,49,48,Mandlakazi28
1251,19.12.2012,14,33,34,42,47,48,05,Mandlakazi35
1252,22.12.2012,04,15,24,34,40,47,02,Tsakani,43
1253,26.12.2012,06,17,27,41,46,48,29,Dimakatso,34
1254,29.12.2012,01,03,08,17,20,22,29,Mandlakazi32
1255,02.01.2013,05,10,19,24,32,39,40,Mandlakazi45
1256,05.01.2013,08,09,10,14,15,27,42,Dimakatso,28
1257,09.01.2013,14,16,17,18,21,29,02,Tsakani,29
1258,12.01.2013,02,05,21,30,36,41,44,Tsakani,38
1259,16.01.2013,03,12,21,26,33,46,32,Tsakani,38
1260,19.01.2013,07,15,23,28,29,49,02,Mooinooi52
1261,23.01.2013,02,03,25,35,38,39,44,Mooinooi29
1262,26.01.2013,04,31,36,39,41,44,12,Dimakatso,27
1263,30.01.2013,03,04,16,26,28,30,37,Mooinooi32
1264,02.02.2013,01,10,16,27,30,35,18,Tsakani,28
1265,06.02.2013,08,18,20,25,37,38,05,Dimakatso,37
1266,09.02.2013,12,26,27,30,33,39,05,Dimakatso,27
1267,13.02.2013,02,15,43,46,47,48,12,Tsakani,32
1268,16.02.2013,08,17,18,23,43,45,44,Mooinooi34
1269,20.02.2013,11,15,21,22,30,34,36,Tsakani,55
1270,23.02.2013,04,09,21,39,41,43,26,Tsakani,45
1271,27.02.2013,17,21,22,30,31,32,23,Tsakani,33
1272,02.03.2013,01,14,15,39,41,43,26,Dimakatso,28
1273,06.03.2013,28,29,40,42,43,44,12,Tsakani,48
1274,09.03.2013,02,16,33,38,42,48,07,Tsakani,28
1275,13.03.2013,12,27,30,33,37,40,47,Tsakani,34
1276,16.03.2013,02,12,23,29,37,47,40,Tsakani,51
1277,20.03.2013,05,18,28,31,43,49,30,Tsakani,43
1278,23.03.2013,05,17,26,29,34,44,13,Tsakani,28
1279,27.03.2013,06,17,19,31,42,43,09,Dimakatso,50
1280,30.03.2013,17,30,33,36,38,46,01,Tsakani,28
1281,03.04.2013,06,16,31,32,42,48,05,Mooinooi33
1282,06.04.2013,12,22,24,25,36,37,44,Tsakani,40
1283,10.04.2013,03,10,12,41,46,47,27,Mooinooi28
1284,13.04.2013,10,12,35,40,47,49,19,Tsakani,41
1285,17.04.2013,01,08,27,33,45,49,05,Tsakani,45
1286,20.04.2013,03,08,12,14,23,37,21,Dimakatso,51
1287,24.04.2013,01,03,04,23,40,42,08,Mooinooi29
1288,27.04.2013,04,05,09,11,39,40,22,Tsakani,40
1289,01.05.2013,09,32,33,39,46,47,42,Tsakani,43
1290,04.05.2013,02,39,40,45,46,47,15,Dimakatso,39
1291,08.05.2013,05,07,08,21,28,40,26,Dimakatso,40
1292,11.05.2013,08,26,27,35,42,49,39,Mooinooi34
1293,15.05.2013,08,21,26,27,34,43,10,Tsakani,41
1294,18.05.2013,03,08,15,19,35,45,23,Dimakatso,39
1295,22.05.2013,10,18,19,22,30,48,34,Tsakani,41
1296,25.05.2013,15,23,27,36,41,49,37,Mooinooi33
1297,29.05.2013,14,15,24,33,34,36,11,Dimakatso,35
1298,01.06.2013,01,05,12,17,22,43,36,Mooinooi41
1299,05.06.2013,05,13,17,27,47,49,34,Mooinooi40
1300,08.06.2013,02,18,23,36,43,46,09,Mooinooi27
1301,12.06.2013,11,19,23,27,33,37,32,Tsakani,33
1302,15.06.2013,05,16,17,44,45,48,19,Tsakani,29
1303,19.06.2013,20,23,26,27,44,46,05,Mooinooi32
1304,22.06.2013,03,21,36,42,43,44,27,Tsakani,27
1305,26.06.2013,01,09,11,12,13,25,42,Tsakani,35
1306,29.06.2013,06,08,17,28,37,49,27,Mooinooi28
1307,03.07.2013,02,06,26,29,31,37,24,Tsakani,33
1308,06.07.2013,08,11,25,29,40,48,28,Tsakani,29
1309,10.07.2013,08,09,21,37,40,46,20,Dimakatso,45
1310,13.07.2013,08,19,25,32,45,48,36,Tsakani,38
1311,17.07.2013,02,05,10,15,41,49,24,Dimakatso,43
1312,20.07.2013,03,17,26,35,43,45,08,Dimakatso,38
1313,24.07.2013,12,21,22,24,34,41,49,Tsakani,50
1314,27.07.2013,18,19,31,34,40,42,48,Mooinooi45
1315,31.07.2013,06,09,18,22,28,39,07,Mooinooi28
1316,03.08.2013,13,18,19,23,33,41,04,Tsakani,27
1317,07.08.2013,07,12,21,34,41,46,23,Mooinooi45
1318,10.08.2013,04,05,16,18,38,40,35,Mooinooi50
1319,14.08.2013,18,20,21,32,33,35,06,Tsakani,37
1320,17.08.2013,15,16,17,25,26,46,13,Mooinooi50
1321,21.08.2013,11,22,23,25,34,41,29,Tsakani,35
1322,24.08.2013,05,22,29,35,36,40,21,Dimakatso,32
1323,28.08.2013,17,21,23,29,30,45,44,Dimakatso,38
1324,31.08.2013,07,08,19,24,41,47,01,Mooinooi34
1325,04.09.2013,05,10,17,18,23,40,08,Dimakatso,29
1326,07.09.2013,13,16,29,35,41,43,10,Mooinooi33
1327,11.09.2013,01,02,03,30,33,45,36,Mooinooi41
1328,14.09.2013,07,14,16,27,42,43,10,Tsakani,28
1329,18.09.2013,03,09,11,25,35,36,02,Dimakatso,53
1330,21.09.2013,01,20,33,37,41,45,44,Tsakani,34
1331,25.09.2013,03,09,13,20,40,41,15,Mooinooi27
1332,28.09.2013,01,09,15,16,21,47,18,Dimakatso,52
1333,02.10.2013,03,08,22,27,30,45,06,Tsakani,33
1334,05.10.2013,02,08,14,15,41,43,25,Dimakatso,32
1335,09.10.2013,07,08,12,24,30,39,48,Mooinooi35
1336,12.10.2013,06,17,21,31,34,36,47,Tsakani,41
1337,16.10.2013,27,31,39,40,44,45,15,Tsakani,38
1338,19.10.2013,01,19,33,38,41,42,13,Tsakani,28
1339,23.10.2013,14,18,24,31,38,46,02,Tsakani,33
1340,26.10.2013,07,09,10,11,46,48,34,Tsakani,41
1341,30.10.2013,11,23,25,28,34,37,26,Tsakani,43
1342,02.11.2013,01,07,13,25,30,46,24,Tsakani,40
1343,06.11.2013,17,20,32,36,37,41,42,Tsakani,43
1344,09.11.2013,08,09,11,12,23,38,29,Tsakani,40
1345,13.11.2013,01,18,33,36,38,41,03,Tsakani,47
1346,16.11.2013,16,18,37,42,43,45,29,Dimakatso,48
1347,20.11.2013,04,08,09,12,43,49,26,Tsakani,43
1348,23.11.2013,04,19,29,34,40,45,18,Mooinooi54
1349,27.11.2013,01,13,19,23,27,42,36,Mooinooi39
1350,30.11.2013,03,04,09,21,27,31,49,Dimakatso,54
1351,04.12.2013,03,06,07,11,15,48,30,Tsakani,37
1352,07.12.2013,15,26,27,28,30,39,05,Mooinooi39
1353,11.12.2013,05,24,29,38,40,49,19,Mooinooi29
1354,14.12.2013,14,18,21,27,35,48,44,Mooinooi28
1355,18.12.2013,04,06,09,16,20,31,32,Dimakatso,35
1356,21.12.2013,28,33,34,43,46,48,23,Dimakatso,40
1357,28.12.2013,01,26,27,35,45,48,47,Tsakani,33
1358,01.01.2014,12,16,18,35,36,43,17,Mooinooi40
1359,04.01.2014,13,20,22,24,46,48,35,Dimakatso,33
1360,08.01.2014,03,14,22,29,48,49,18,Dimakatso,39
1361,11.01.2014,04,14,26,34,39,49,10,Tsakani,34
1362,15.01.2014,03,13,19,27,28,38,25,Mooinooi33
1363,18.01.2014,13,19,28,29,37,39,25,Tsakani,29
1364,22.01.2014,01,02,18,28,33,48,43,Tsakani,33
1365,25.01.2014,07,14,27,29,36,48,23,Tsakani,34
1366,29.01.2014,02,13,15,36,40,43,23,Tsakani,38
1367,01.02.2014,07,39,42,43,44,47,13,Dimakatso,37
1368,05.02.2014,02,18,24,25,37,38,28,Tsakani,32
1369,08.02.2014,08,16,32,34,38,42,11,Mooinooi35
1370,12.02.2014,06,11,23,28,45,47,33,Mooinooi28
1371,15.02.2014,03,16,32,33,44,48,43,Tsakani,37
1372,19.02.2014,01,02,23,28,37,41,10,Mooinooi48
1373,22.02.2014,02,03,09,15,18,31,25,Tsakani,51
1374,26.02.2014,07,18,34,39,41,42,23,Dimakatso,48
1375,01.03.2014,08,13,21,37,43,47,14,Mooinooi52
1376,05.03.2014,04,20,23,30,33,34,42,Mooinooi35
1377,08.03.2014,06,09,24,40,48,49,21,Mooinooi49
1378,12.03.2014,01,31,35,42,45,46,18,Mooinooi38
1379,15.03.2014,03,06,23,28,30,38,32,Mooinooi53
1380,19.03.2014,02,09,21,29,42,47,03,Mooinooi50
1381,22.03.2014,16,32,35,37,42,47,49,Mooinooi35
1382,26.03.2014,03,23,30,36,37,44,49,Tsakani,43
1383,29.03.2014,09,13,17,30,36,45,40,Dimakatso,54
1384,02.04.2014,09,11,14,33,37,48,31,Dimakatso,38
1385,05.04.2014,16,17,33,34,44,45,02,Tsakani,53
1386,09.04.2014,01,02,22,25,27,36,15,Mooinooi50
1387,12.04.2014,14,18,32,35,37,45,09,Mooinooi51
1388,16.04.2014,12,13,23,35,36,49,06,Mooinooi40
1389,19.04.2014,09,20,23,33,38,44,39,Mooinooi28
1390,23.04.2014,14,20,26,39,42,48,03,Dimakatso,32
1391,26.04.2014,21,28,30,35,39,41,37,Tsakani,53
1392,30.04.2014,18,20,21,26,35,45,25,Tsakani,47
1393,03.05.2014,13,14,22,26,30,34,48,Dimakatso,37
1394,07.05.2014,09,15,19,22,48,49,10,Mooinooi28
1395,10.05.2014,01,05,07,28,34,41,49,Dimakatso,41
1396,14.05.2014,09,12,18,20,32,34,31,Dimakatso,41
1397,17.05.2014,03,04,25,29,33,45,24,Tsakani,50
1398,21.05.2014,03,11,19,20,23,44,06,Tsakani,52
1399,24.05.2014,02,03,14,15,23,34,08,Mooinooi33
1400,28.05.2014,06,08,16,26,28,37,49,Mooinooi32
1401,31.05.2014,05,08,15,16,28,29,39,Dimakatso,28
1402,04.06.2014,16,23,26,39,44,45,35,Dimakatso,34
1403,07.06.2014,07,08,24,30,37,48,22,Dimakatso,43
1404,11.06.2014,19,28,34,35,38,44,31,Dimakatso,32
1405,14.06.2014,12,25,28,37,40,48,03,Mooinooi47
1406,18.06.2014,01,03,18,32,34,47,08,Mooinooi32
1407,21.06.2014,02,05,08,16,36,38,17,Mooinooi52
1408,25.06.2014,04,24,34,36,43,49,09,Tsakani,50
1409,28.06.2014,03,07,12,18,28,36,14,Tsakani,29
1410,02.07.2014,03,05,06,21,35,49,29,Tsakani,37
1411,05.07.2014,03,04,05,22,35,40,24,Mooinooi34
1412,09.07.2014,19,25,39,41,44,48,16,Tsakani,47
1413,12.07.2014,07,11,14,21,28,45,35,Mooinooi28
1414,16.07.2014,15,18,25,28,38,44,11,Dimakatso,29
1415,19.07.2014,01,11,28,36,37,43,12,Mooinooi33
1416,23.07.2014,02,30,35,37,43,44,22,Dimakatso,27
1417,26.07.2014,10,33,39,45,46,47,35,Dimakatso,38
1418,30.07.2014,02,09,17,22,32,34,10,Dimakatso,45
1419,02.08.2014,05,07,16,27,34,41,24,Tsakani,33
1420,06.08.2014,06,15,17,30,40,42,41,Tsakani,53
1421,09.08.2014,04,11,30,36,38,47,31,Mooinooi34
1422,13.08.2014,04,08,26,31,43,46,09,Dimakatso,49
1423,16.08.2014,01,10,11,14,29,45,03,Dimakatso,27
1424,20.08.2014,03,04,22,35,39,47,10,Mooinooi53
1425,23.08.2014,01,03,32,39,45,47,22,Mooinooi29
1426,27.08.2014,09,15,21,28,29,47,48,Mooinooi37
1427,30.08.2014,02,05,14,18,19,33,16,Mooinooi27
1428,03.09.2014,12,15,16,28,41,46,01,Tsakani,54
1429,06.09.2014,05,10,29,30,32,49,15,Dimakatso,41
1430,10.09.2014,04,08,16,34,38,42,18,Dimakatso,29
1431,13.09.2014,01,13,21,45,48,49,18,Tsakani,34
1432,17.09.2014,14,15,28,29,38,49,07,Mooinooi50
1433,20.09.2014,10,28,29,30,36,48,31,Dimakatso,43
1434,24.09.2014,05,07,17,27,31,48,30,Dimakatso,29
1435,27.09.2014,03,12,13,29,33,40,39,Mooinooi48
1436,01.10.2014,11,17,26,36,46,49,40,Tsakani,40
1437,04.10.2014,10,15,16,25,27,38,29,Tsakani,53
1438,08.10.2014,11,13,26,30,44,45,46,Dimakatso,29
1439,11.10.2014,07,08,18,35,40,42,23,Tsakani,52
1440,15.10.2014,14,22,26,28,44,49,39,Dimakatso,47
1441,18.10.2014,03,04,11,24,30,48,22,Tsakani,54
1442,22.10.2014,07,13,16,21,24,32,28,Mooinooi47
1443,25.10.2014,11,14,36,40,46,48,01,Tsakani,32
1444,29.10.2014,12,16,17,25,31,33,04,Mooinooi33
1445,01.11.2014,16,24,25,30,36,39,38,Mooinooi34
1446,05.11.2014,01,08,09,14,29,32,27,Tsakani,28
1447,08.11.2014,05,08,17,43,47,49,30,Dimakatso,35
1448,12.11.2014,02,08,14,25,35,39,33,Mooinooi41
1449,15.11.2014,05,15,25,34,40,46,43,Mooinooi53
1450,19.11.2014,03,10,16,27,42,47,41,Tsakani,49
1451,22.11.2014,07,18,29,39,44,45,37,Tsakani,54
1452,26.11.2014,01,03,16,17,29,48,23,Tsakani,45
1453,29.11.2014,09,24,28,36,40,45,31,Dimakatso,49
1454,03.12.2014,13,15,26,28,38,48,02,Mooinooi54
1455,06.12.2014,04,09,23,39,40,48,07,Mooinooi40
1456,10.12.2014,05,10,16,17,36,42,32,Dimakatso,53
1457,13.12.2014,04,09,12,26,32,39,43,Mooinooi33
1458,17.12.2014,02,16,23,25,29,40,18,Tsakani,28
1459,20.12.2014,10,13,34,35,39,41,33,Tsakani,27
1460,24.12.2014,16,19,27,37,38,44,46,Mooinooi38
1461,27.12.2014,15,20,24,27,37,43,17,Tsakani,28
1462,31.12.2014,01,12,14,24,45,47,43,Mooinooi51
1463,03.01.2015,08,13,22,25,27,39,11,Dimakatso,55
1464,07.01.2015,04,05,29,33,43,49,01,Mooinooi54
1465,10.01.2015,15,25,27,38,41,43,40,Mooinooi51
1466,14.01.2015,09,11,13,16,28,41,17,Tsakani,34
1467,17.01.2015,04,06,13,22,31,36,41,Tsakani,53
1468,21.01.2015,09,24,27,31,34,36,02,Tsakani,45
1469,24.01.2015,06,17,27,30,40,43,11,Mooinooi33
1470,28.01.2015,07,30,31,39,42,44,46,Tsakani,34
1471,31.01.2015,07,09,11,15,19,26,32,Tsakani,35
1472,04.02.2015,07,08,11,16,30,44,43,Dimakatso,29
1473,07.02.2015,04,15,20,30,38,42,12,Dimakatso,34
1474,11.02.2015,28,32,41,43,46,49,48,Mooinooi35
1475,14.02.2015,06,32,33,38,40,49,35,Mooinooi37
1476,18.02.2015,02,04,19,34,45,47,29,Dimakatso,49
1477,21.02.2015,05,27,40,41,42,46,08,Dimakatso,35
1478,25.02.2015,14,15,32,33,34,39,20,Tsakani,29
1479,28.02.2015,07,09,17,18,27,35,44,Tsakani,39
1480,04.03.2015,13,18,20,29,33,43,27,Dimakatso,55
1481,07.03.2015,08,17,22,31,41,43,16,Tsakani,32
1482,11.03.2015,04,18,20,22,33,46,01,Mooinooi54
1483,14.03.2015,17,22,23,26,30,40,41,Mooinooi41
1484,18.03.2015,06,08,20,23,35,39,47,Dimakatso,54
1485,21.03.2015,06,13,21,24,38,48,45,Tsakani,55
1486,25.03.2015,03,05,17,37,47,49,08,Tsakani,50
1487,28.03.2015,10,11,18,24,40,46,14,Dimakatso,55
1488,01.04.2015,14,21,23,33,36,38,09,Dimakatso,41
1489,04.04.2015,15,26,27,33,40,45,34,Mooinooi41
1490,08.04.2015,27,29,30,33,45,49,11,Mooinooi50
1491,11.04.2015,05,06,22,24,32,43,09,Tsakani,32
1492,15.04.2015,17,19,26,34,35,46,03,Dimakatso,37
1493,18.04.2015,02,09,18,25,29,34,14,Dimakatso,28
1494,22.04.2015,02,17,19,27,45,49,06,Tsakani,34
1495,25.04.2015,03,04,06,20,25,36,16,Mooinooi28
1496,29.04.2015,01,19,21,28,34,45,04,Tsakani,45
1497,02.05.2015,03,06,28,35,42,43,01,Dimakatso,27
1498,06.05.2015,03,07,12,16,29,35,34,Tsakani,32
1499,09.05.2015,08,10,11,14,30,48,05,Dimakatso,33
1500,13.05.2015,12,13,17,27,35,37,21,Tsakani,27
1501,16.05.2015,05,22,23,25,40,43,31,Mooinooi34
1502,20.05.2015,12,23,27,31,34,39,49,Dimakatso,47
1503,23.05.2015,06,18,26,30,34,40,15,Tsakani,32
1504,27.05.2015,02,20,22,30,36,43,09,Dimakatso,38
1505,30.05.2015,08,10,16,24,25,44,04,Tsakani,52
1506,03.06.2015,20,21,16,39,23,18,31,StarL2
1507,06.06.2015,21,04,33,22,38,24,19,StarL3
1508,10.06.2015,03,48,23,37,40,05,02,StarL4
1509,13.06.2015,10,24,43,35,23,36,37,VisionL3
1510,17.06.2015,34,28,22,13,14,32,15,VIsionL2
1511,20.06.2015,28,04,48,45,44,39,12,HopeL5
1512,24.06.2015,03,39,05,23,43,36,45,Joy,L2
1513,27.06.2015,32,18,42,37,06,28,39,Joy,L5
1514,01.07.2016,22,39,16,04,01,10,13,StarL5
1515,04.07.2015,05,06,02,07,08,37,48,HopeL5
1516,08.07.2015,30,23,39,48,05,26,47,StarL2
1517,11.07.2015,14,30,03,02,25,31,05,StarL3
1518,15.07.2016,13,36,08,43,12,38,40,VisionL4
1519,18.07.2016,05,18,31,22,32,07,15,VisionL3
1520,22.07.2016,40,47,49,23,20,43,15,StarL2
1521,25.07.2016,15,24,35,18,42,17,22,VisionL2
1522,29.07.2015,34,28,06,03,43,39,02,HopeL2
1523,01.08.2015,33,40,24,08,38,22,26,StarL2
1524,05.08.2016,15,34,38,08,17,29,31,StarL5
1525,08.08.2015,29,12,22,17,37,48,40,VisionL3
1526,12.08.2015,32,29,20,06,25,35,46,Joy,L3
1527,15.08.2015,11,33,16,02,43,24,14,Joy,L3
1528,19.08.2015,28,02,03,01,23,06,24,PreciousL5
1529,22.08.2015,04,09,38,34,41,01,17,VisionL5
1530,26.08.2015,37,20,21,42,11,30,28,VisionL3
1531,29.08.2015,36,28,14,32,46,31,03,Joy,L3
1532,02.09.2015,06,04,03,23,39,08,18,Joy,L5
1533,05.09.2015,08,19,02,01,18,42,10,StarL2
1534,09.09.2015,45,37,07,41,09,23,31,VisionL4
1535,12.09.2015,07,02,21,47,42,43,48,PreciousL3
1536,16.09.2015,47,07,38,03,13,05,28,StarL5
1537,19.09.2015,09,01,39,33,19,02,16,PreciousL2
1538,23.09.2015,08,46,23,28,14,35,17,StarL3
1539,26.09.2015,32,09,39,37,46,28,42,Joy,L3
1540,30.09.2015,49,40,46,04,03,44,01,PreciousL5
1541,03.10.2015,29,16,41,48,02,44,23,Joy,L5
1542,07.10.2015,24,43,01,31,46,08,25,StarL5
1543,10.10.2015,45,01,02,34,19,30,40,Joy,L2
1544,14.10.2015,12,32,42,37,05,19,25,Joy,L3
1545,17.10.2015,47,34,08,17,22,38,10,PreciousL4
1546,21.10.2015,38,30,13,14,33,20,03,PreciousL4
1547,24.10.2015,29,28,31,05,40,11,46,VisionL4
1548,28.10.2015,23,46,31,42,47,16,04,PreciousL4
1549,31.10.2015,01,24,39,30,44,20,26,PreciousL2
1550,04.11.2015,40,36,29,31,38,39,06,Joy,L2
1551,07.11.2015,04,01,07,20,03,16,05,PreciousL3
1552,11.11.2015,21,20,14,02,37,25,24,Joy,L4
1553,14.11.2015,04,38,08,44,11,05,31,VisionL5
1554,18.11.2015,30,03,14,41,27,38,22,PreciousL4
1555,21.11.2015,09,04,42,08,29,06,46,VisionL2
1556,25.11.2015,34,14,43,05,44,23,08,PreciousL3
1557,28.11.2015,47,26,09,04,20,23,32,VisionL4
1558,02.12.2015,40,33,25,34,36,43,35,WonderL2
1559,05.12.2015,16,43,39,19,05,08,13,Bliss,L3
1560,09.12.2015,04,41,39,14,34,32,45,Joy,L5
1561,12.12.2015,43,46,48,11,29,31,12,WonderL2
1562,16.12.2015,30,27,07,02,15,17,49,StarL2
1563,19.12.2015,05,38,15,22,49,20,13,WonderL4
1564,23.12.2015,10,01,30,15,39,32,42,Joy,L2
1565,26.12.2015,40,41,42,09,45,24,32,VisionL3
1566,30.12.2015,03,02,23,48,29,45,09,VisionL3
1567,02.01.2016,45,05,39,08,36,03,44,Bliss,L5
1568,06.01.2016,14,09,28,19,43,44,49,PreciousL6
1569,09.01.2016,38,02,47,46,42,31,27,StarL4
1570,13.01.2016,03,24,08,47,44,09,37,Bliss,L2
1571,16.01.2016,18,08,06,25,39,47,20,WonderL4
1572,20.01.2016,37,11,03,43,02,01,06,VisionL6
1573,23.01.2016,10,44,06,23,16,30,12,PreciousL3
1574,27.01.2016,43,37,20,26,13,08,32,WonderL2
1575,30.01.2016,35,23,27,09,16,05,15,StarL2
1576,03.02.2016,49,32,09,18,20,06,26,Bliss,L5
1577,06.02.2016,31,41,37,17,01,47,18,VisionL2
1578,10.02.2016,25,40,01,49,46,33,43,Bliss,L6
1579,13.02.2016,21,30,31,04,37,17,39,PreciousL8
1580,17.02.2016,19,25,16,14,06,40,22,PreciousL4
1581,20.02.2016,07,20,37,48,35,24,43,StarL6
1582,24.02.2016,05,41,15,11,04,26,49,VisionL6
1583,27.02.2016,43,44,47,35,14,02,06,WonderL8
1584,02.03.2016,18,36,23,27,37,30,14,Bliss,L10,
1585,05.03.2016,35,15,03,21,48,38,43,VisionL3
1586,09.03.2016,45,41,48,09,35,29,25,StarL10,
1587,12.03.2016,26,04,15,22,39,30,06,PreciousL10,
1588,16.03.2016,37,32,46,30,47,15,40,Bliss,L3
1589,19.03.2016,09,31,42,05,48,40,17,Bliss,L9
1590,23.03.2016,17,20,48,10,24,46,09,Bliss,L10,
1591,26.03.2016,31,41,17,27,01,23,09,Joy,L6
1592,30.03.2016,34,38,10,05,22,39,32,StarL7
1593,02.04.2016,16,42,39,01,06,28,43,HopeL2
1594,06.04.2016,20,11,21,47,16,12,06,HopeL10,
1595,09.04.2016,13,30,27,31,17,25,04,Bliss,L9
1596,13.04.2016,18,02,07,11,20,38,40,VisionL6
1597,16.04.2016,17,34,31,07,18,23,44,Joy,L10,
1598,20.04.2016,13,04,17,23,02,06,38,Bliss,L3
1599,23.04.2016,08,18,01,26,31,33,32,Joy,L2
1600,27.04.2016,08,03,26,01,39,14,16,Joy,L2
1601,30.04.2016,41,40,45,19,28,12,14,VisionL4
1602,04.05.2016,32,35,24,21,18,23,41,VisionL4
1603,07.05.2016,03,30,45,36,02,19,12,WonderL4
1604,11.05.2016,40,08,41,44,10,14,47,Bliss,L6
1605,14.05.2016,34,06,48,38,44,13,31,Joy,L7
1606,18.05.2016,13,38,04,49,33,32,43,VisionL5
1607,21.05.2016,44,41,01,30,14,10,46,Bliss,L3
1608,25.05.2016,04,48,12,44,13,20,43,VisionL6
1609,28.05.2016,20,01,05,49,23,47,41,VisionL3
1610,01.06.2016,31,24,14,47,40,42,15,Bliss,L3
1611,04.06.2016,01,17,27,42,26,11,16,Joy,L7
1612,08.06.2016,48,45,04,01,25,27,19,Joy,L9
1613,11.06.2016,30,27,12,08,06,07,39,Bliss,L8
1614,15.06.2016,32,47,23,29,06,26,19,Joy,L9
1615,18.06.2016,15,06,35,49,03,28,12,Joy,L10,
1616,22.06.2016,42,17,35,19,36,07,32,WonderL9
1617,25.06.2016,28,20,04,44,46,15,26,HopeL9
1618,29.06.2016,36,09,13,47,25,46,42,Joy,L10,
1619,02.07.2016,40,33,24,03,04,23,37,HopeL7
1620,06.07.2016,11,21,03,22,14,16,05,PreciousL7
1621,09.07.2016,12,40,21,16,34,15,23,HopeL7
1622,13.07.2016,04,39,47,11,45,32,25,Bliss,L5
1623,16.07.2016,48,07,34,37,04,31,22,PreciousL7
1624,20.07.2016,36,24,49,13,27,48,17,VisionL4
1625,23.07.2016,16,38,36,24,05,41,04,VisionL5
1626,27.07.2016,28,19,02,40,22,45,01,StarL4
1627,30.07.2016,29,30,34,43,28,49,40,Joy,L7
1628,03.08.2016,44,43,11,07,20,08,28,Bliss,L7
1629,06.08.2016,40,01,08,11,14,48,16,WonderL4
1630,10.08.2016,35,03,30,41,37,45,24,VisionL7
1631,13.08.2016,20,09,14,04,17,24,12,Bliss,L2
1632,17.08.2016,16,43,29,23,22,05,10,PreciousL7
1633,20.08.2016,48,24,46,43,34,15,39,WonderL5
1634,24.08.2016,07,40,02,13,09,29,45,VisionL4
1635,27.08.2016,20,11,22,27,07,25,10,HopeL10,
1636,31.08.2016,19,16,01,27,38,43,31,HopeL4
1637,03.09.2016,15,08,42,29,10,22,16,Bliss,L8
1638,07.09.2016,09,43,24,44,49,06,46,PreciousL8
1639,10.09.2016,02,26,48,10,07,38,17,PreciousL8
1640,14.09.2016,24,16,45,18,08,47,22,WonderL4
1641,17.09.2016,12,02,16,11,25,08,06,WonderL4
1642,21.09.2016,37,23,46,48,28,22,11,StarL9
1643,24.09.2016,08,35,10,33,17,20,49,WonderL6
1644,28.09.2016,23,31,16,30,45,09,19,StarL4
1645,01.10.2016,32,26,03,39,04,37,35,PreciousL7
1646,05.10.2016,17,15,25,07,40,31,47,Bliss,L6
1647,08.10.2016,14,39,40,38,01,48,45,StarL5
1648,12.10.2016,18,36,05,32,48,14,23,WonderL9
1649,15.10.2016,08,17,34,23,22,49,37,Bliss,L5
1650,19.10.2016,41,26,23,01,45,39,34,StarL11,
1651,22.10.2016,05,01,29,27,34,42,14,StarL3
1652,26.10.2016,43,29,23,27,32,49,09,Joy,L9
1653,29.10.2016,47,33,17,40,11,41,18,StarL5
1654,02.11.2016,19,38,04,26,23,41,48,VisionL3
1655,05.11.2016,11,30,36,38,29,37,10,Bliss,L10,
1656,09.11.2016,11,06,43,10,39,38,01,PreciousL5
1657,12.11.2016,40,44,35,18,09,04,48,PreciousL11,
1658,16.11.2016,36,08,25,11,46,24,47,StarL7
1659,19.11.2016,13,07,25,43,20,32,14,PreciousL10,
1660,23.11.2016,38,05,40,39,01,41,12,Joy,L10,
1661,26.11.2016,09,07,22,24,43,48,23,VisionL11,
1662,30.11.2016,07,10,32,05,03,23,38,PreciousL6
1663,03.12.2016,39,21,27,18,46,02,41,WonderL8
1664,07.12.2016,31,39,13,01,29,23,14,Bliss,L8
1665,10.12.2016,43,34,15,12,46,03,32,WonderL10,
1666,14.12.2016,08,09,27,39,20,21,32,JOY,L8
1667,17.12.2016,47,22,12,34,38,40,09,BLISS,L10,
1668,21.12.2016,33,11,29,34,40,36,16,VisionL10,
1669,24.12.2016,11,30,32,33,23,14,39,Bliss,L10,
1670,28.12.2016,27,43,04,39,45,49,47,StarL5
1671,31.12.2016,21,49,13,09,48,24,36,JOY,L2
1672,04.01.2017,29,05,20,41,06,43,15,PreciousL2
1673,07.01.2017,30,14,33,49,27,28,12,Joy,L2
1674,11.01.2017,30,46,47,10,06,36,31,WonderL10,
1675,14.01.2017,35,03,30,14,16,26,07,VisionL11,
1676,18.01.2017,32,27,23,12,04,28,33,PreciousL8
1677,21.01.2017,41,09,31,19,36,35,13,Bliss,L5
1678,25.01.2017,02,17,01,16,34,19,45,Joy,L11,
1679,28.01.2017,10,31,13,30,14,18,49,StarL5
1680,01.02.2017,34,24,48,09,49,14,42,WonderL2
1681,04.02.2017,07,19,13,38,41,39,27,Bliss,L5
1682,08.02.2017,28,32,24,23,05,48,46,WonderL4
1683,11.02.2017,37,16,31,29,22,12,09,StarL11,
1684,15.02.2017,19,48,05,47,02,15,30,PRECIOUSL6
1685,18.02.2017,08,36,34,14,31,19,06,VisionL6
1686,22.02.2017,39,07,12,48,46,16,14,StarL6
1687,25.02.2017,07,45,40,34,27,23,26,PreciousL4
1688,01.03.2017,44,04,41,43,40,34,06,Bliss,L6
1689,04.03.2017,07,38,12,41,31,09,25,WonderL5
1690,08.03.2017,19,20,38,44,11,17,35,PreciousL7
1691,11.03.2017,18,09,46,24,27,34,01,StarL5
1692,15.03.2017,25,01,36,31,14,13,37,PreciousL8
1693,18.03.2017,05,02,49,07,20,13,21,Joy,L8
1694,22.03.2017,35,05,22,07,17,25,49,STARL2
1695,25.03.2017,25,05,24,09,19,01,17,StarL8
1696,29.03.2017,11,28,29,13,18,31,40,StarL3
1697,01.04.2017,23,24,47,31,03,35,02,Bliss,L5
1698,05.04.2017,08,43,26,11,06,35,27,Bliss,L5
1699,08.04.2017,34,27,22,44,08,09,01,Joy,L6
1700,12.04.2017,15,26,06,43,20,18,37,VisionL4
1701,15.04.2017,35,38,23,27,49,14,21,Bliss,L6
1702,19.04.2017,20,35,13,48,26,39,22,PreciousL11,
1703,22.04.2017,23,38,26,47,18,03,22,HopeL11,
1704,26.04.2017,09,48,13,35,47,02,31,Joy,L6
1705,29.04.2017,01,07,29,43,47,22,45,Bliss,L3
1706,03.05.2017,24,37,09,16,11,30,49,WonderL5
1707,06.05.2017,04,09,02,30,48,32,35,HOPEL4
1708,10.05.2017,26,43,41,05,19,44,33,Joy,L2
1709,13.05.2017,26,08,10,32,09,22,17,HopeL8
1710,17.05.2017,41,25,32,28,27,12,36,WonderL10,
1711,20.05.2017,02,12,30,23,01,41,34,VisionL6
1712,24.05.2017,30,40,14,09,01,16,39,HopeL2
1713,27.05.2017,11,06,21,10,39,47,17,Joy,L10,
1714,31.05.2017,30,44,48,14,39,34,35,WonderL8
1715,03.06.2017,33,23,26,06,47,46,22,Joy,L9
1716,07.06.2017,28,13,01,03,32,45,10,StarL9
1717,10.06.2017,27,04,42,12,47,11,28,Bliss,L6
1718,14.06.2017,14,19,42,12,33,11,27,JOY,L11,
1719,17.06.2017,15,31,22,34,36,07,38,VisionL10,
1720,21.06.2017,18,09,05,24,08,44,30,Joy,L7
1721,24.06.2017,42,37,15,31,26,18,49,WonderL8
1722,28.06.2017,15,20,30,25,29,47,38,Joy,L7
1723,01.07.2017,19,26,16,25,12,06,48,HopeL9
1724,05.07.2017,44,16,29,32,30,37,10,WonderL7
1725,08.07.2017,05,40,33,38,45,36,27,Bliss,L9
1726,12.07.2017,35,33,31,40,24,01,04,VisionL9
1727,15.07.2017,46,17,13,26,48,30,34,Bliss,L5
1728,19.07.2017,08,09,38,16,05,02,26,VisionL11,
1729,22.07.2017,31,27,11,30,13,45,46,VisionL11,
1730,26.07.2017,23,09,24,49,10,38,05,StarL11,
1731,29.07.2017,26,49,16,25,35,19,48,VisionL5
1732,02.08.2017,31,49,08,39,29,12,17,Bliss,L22,
1733,05.08.2017,31,45,06,39,07,33,14,STARL14,
1734,09.08.2017,46,01,20,27,32,10,08,HopeL22,
1735,12.08.2017,24,46,34,40,41,38,09,WonderL12,
1736,16.08.2017,50,49,31,28,39,22,21,HopeL14,
1737,19.08.2017,42,13,47,33,23,51,52,StarL15,
1738,23.08.2017,27,07,40,01,26,06,10,Bliss,L17,
1739,26.08.2017,36,28,34,25,01,49,14,STARL12,
1740,30.08.2017,32,35,10,33,39,42,31,Bliss,L21,
1741,02.09.2017,30,25,03,04,01,21,41,STARL17,
1742,06.09.2017,24,51,01,44,07,29,23,JOY,L18,
1743,09.09.2017,35,16,27,51,09,37,40,RNG2RNG,
1744,13.09.2017,49,19,04,21,10,31,35,RNG2RNG,
1745,16.09.2017,37,02,07,10,33,44,11,RNG2RNG,
1746,20.09.2017,22,07,34,37,03,24,44,RNG2RNG,
1747,23.09.2017,02,33,43,19,31,52,22,RNG2RNG,
1748,27.09.2017,44,11,16,08,10,35,52,RNG2RNG,
1749,30.09.2017,19,24,07,51,11,25,26,RNG2RNG,
1750,04.10.2017,33,38,27,35,25,01,12,RNG2RNG,
1751,07.10.2017,43,18,50,29,22,32,25,RNG2RNG,
1752,11.10.2017,28,24,05,42,15,49,41,RNG2RNG,
1753,14.10.2017,21,33,22,05,01,44,16,RNG2RNG,
1754,18.10.2017,23,45,38,09,43,25,18,RNG2RNG,
1755,21.10.2017,37,36,20,23,44,27,24,RNG2RNG,
1756,25.10.2017,18,05,39,14,52,32,17,RNG2RNG,
1757,28.10.2017,46,06,19,38,45,01,50,RNG2RNG,
1758,01.11.2017,28,12,03,47,42,43,23,RNG2RNG,
1759,04.11.2017,11,05,38,25,49,32,41,RNG2RNG,
1760,08.11.2017,24,47,39,51,01,38,31,RNG2RNG,
1761,11.11.2017,28,03,30,21,46,51,42,RNG2RNG,
1762,15.11.2017,22,37,02,49,42,36,16,RNG2RNG,
1763,18.11.2017,03,52,39,36,43,38,47,RNG2RNG,
1764,22.11.2017,48,03,29,25,26,16,45,RNG2RNG,
1765,25.11.2017,44,35,07,02,25,51,29,RNG2RNG,
1766,29.11.2017,32,41,20,39,26,34,10,RNG2RNG,
1767,02.12.2017,51,24,43,13,50,25,28,RNG2RNG,
1768,06.12.2017,05,49,24,18,17,07,39,RNG2RNG,
1769,09.12.2017,41,23,38,34,18,26,07,RNG2RNG,
1770,13.12.2017,47,25,12,08,32,35,52,RNG2RNG,
1771,16.12.2017,22,42,11,02,17,18,23,RNG2RNG,
1772,20.12.2017,10,16,14,27,29,52,04,RNG2RNG,
1773,23.12.2017,19,39,06,41,08,24,12,RNG2RNG,
1774,27.12.2017,48,03,42,49,20,10,31,RNG2RNG,
1775,30.12.2017,28,02,34,33,23,46,03,RNG2RNG,
1776,03.01.2018,24,37,03,35,31,43,39,RNG2RNG,
1777,06.01.2018,39,34,31,33,44,43,38,RNG2RNG,
1778,10.01.2018,23,49,31,45,41,47,19,RNG2RNG,
1779,13.01.2018,50,46,48,27,10,29,32,RNG2RNG,
1780,17.01.2018,41,28,18,24,30,12,47,RNG2RNG,
1781,20.01.2018,28,50,52,05,27,35,39,RNG2RNG,
1782,24.01.2018,03,40,32,18,19,24,25,RNG2RNG,
1783,27.01.2018,48,07,24,21,06,15,16,RNG2RNG,
1784,31.01.2018,34,19,18,26,42,40,01,RNG2RNG,
1785,03.02.2018,07,44,21,06,50,16,28,RNG2RNG,
1786,07.02.2018,19,49,06,50,47,52,16,RNG2RNG,
1787,10.02.2018,01,41,16,17,18,52,38,RNG2RNG,
1788,14.02.2018,40,02,28,18,45,46,22,RNG2RNG,
1789,17.02.2018,21,33,09,38,32,27,11,RNG2RNG,
1790,21.02.2018,49,17,36,26,01,14,32,RNG2RNG,
1791,24.02.2018,29,15,31,12,11,06,08,RNG2RNG,
1792,28.02.2018,51,39,30,28,05,09,47,RNG2RNG,
1793,03.03.2018,42,36,40,22,19,08,30,RNG2RNG,
1794,07.03.2018,52,24,38,17,30,32,37,RNG2RNG,
1795,10.03.2018,03,17,11,02,23,05,31,RNG2RNG,
1796,14.03.2018,05,08,47,14,23,41,34,RNG2RNG,
1797,17.03.2018,21,42,44,40,26,06,49,RNG2RNG,
1798,21.03.2018,32,50,49,11,19,01,22,RNG2RNG,
1799,24.03.2018,03,31,24,01,12,49,52,RNG2RNG,
1800,28.03.2018,01,22,26,06,17,18,30,RNG2RNG,
1801,31.03.2018,49,18,21,31,23,35,42,RNG2RNG,
1802,04.04.2018,50,36,30,52,28,17,31,RNG2RNG,
1803,07.04.2018,35,13,28,11,10,03,16,RNG2RNG,
1804,11.04.2018,35,10,24,33,02,46,05,RNG2RNG,
1805,14.04.2018,26,31,40,46,18,36,22,RNG2RNG,
1806,18.04.2018,10,12,32,39,13,50,42,RNG2RNG,
1807,21.04.2018,49,15,26,35,21,13,23,RNG2RNG,
1808,25.04.2018,43,44,07,37,51,13,10,RNG2RNG,
1809,28.04.2018,05,14,13,25,12,28,04,RNG2RNG,
1810,02.05.2018,49,05,36,22,15,47,52,RNG2RNG,
1811,05.05.2018,19,11,50,35,49,45,06,RNG2RNG,
1812,09.05.2018,10,05,36,48,11,12,14,RNG2RNG,
1813,12.05.2018,28,06,39,26,38,19,17,RNG2RNG,
1814,16.05.2018,48,22,01,02,36,31,45,RNG2RNG,
1815,19.05.2018,46,48,09,40,38,35,30,RNG2RNG,
1816,23.05.2018,23,05,49,31,11,24,25,RNG2RNG,
1817,26.05.2018,14,28,08,16,45,13,36,RNG2RNG,
1818,30.05.2018,30,14,06,46,07,03,05,RNG2RNG,
1819,02.06.2018,12,14,16,47,29,08,19,RNG2RNG,
1820,06.06.2018,02,10,48,15,06,27,43,RNG2RNG,
1821,09.06.2018,50,27,25,48,52,30,06,RNG2RNG,
1822,13.06.2018,47,35,45,42,19,36,02,RNG2RNG,
1823,16.06.2018,48,44,45,46,17,22,31,RNG2RNG,
1824,20.06.2018,14,46,30,22,27,04,07,RNG2RNG,
1825,23.06.2018,41,35,42,10,13,01,15,RNG2RNG,
1826,27.06.2018,06,02,40,04,39,37,52,RNG2RNG,
1827,30.06.2018,12,43,29,44,17,42,16,RNG2RNG,
1828,04.07.2018,07,06,36,31,17,01,50,RNG2RNG,
1829,07.07.2018,28,27,34,16,42,06,43,RNG2RNG,
1830,11.07.2018,40,37,17,30,05,06,39,RNG2RNG,
1831,14.07.2018,13,30,18,04,42,08,05,RNG2RNG,
1832,18.07.2018,46,21,12,26,17,08,11,RNG2RNG,
1833,21.07.2018,16,05,14,13,17,19,03,RNG2RNG,
1834,25.07.2018,48,27,02,18,23,06,43,RNG2RNG,
1835,28.07.2018,33,45,46,23,27,29,04,RNG2RNG,
1836,01.08.2018,24,08,49,02,27,18,10,RNG2RNG,
1837,04.08.2018,14,42,02,21,28,36,47,RNG2RNG,
1838,08.08.2018,11,14,48,13,41,20,34,RNG2RNG,
1839,11.08.2018,51,37,17,25,24,36,29,RNG2RNG,
1840,15.08.2018,16,05,25,13,36,50,33,RNG2RNG,
1841,18.08.2018,18,01,31,36,29,35,46,RNG2RNG,
1842,22.08.2018,46,03,23,21,02,41,09,RNG2RNG,
1843,25.08.2018,09,23,20,14,10,18,11,RNG2RNG,
1844,29.08.2018,02,29,28,10,46,14,41,RNG2RNG,
1845,01.09.2018,01,29,26,14,11,25,20,RNG2RNG,
1846,05.09.2018,01,07,22,15,31,29,06,RNG2RNG,
1847,08.09.2018,43,52,40,06,14,25,16,RNG2RNG,
1848,12.09.2018,33,13,39,04,09,18,29,RNG2RNG,
1849,15.09.2018,16,26,41,43,04,09,14,RNG2RNG,
1850,19.09.2018,21,29,14,19,07,39,26,RNG2RNG,
1851,22.09.2018,04,36,30,44,52,43,38,RNG2RNG,
1852,26.09.2018,03,37,29,01,40,41,25,RNG2RNG,
1853,29.09.2018,20,51,26,23,41,42,16,RNG2RNG,
1854,03.10.2018,49,43,03,35,44,37,01,RNG2RNG,
1855,06.10.2018,03,27,41,40,44,19,31,RNG2RNG,
1856,10.10.2018,47,51,32,14,49,22,46,RNG2RNG,
1857,13.10.2018,47,29,23,22,49,15,37,RNG2RNG,
1858,17.10.2018,11,40,38,48,17,44,29,RNG2RNG,
1859,20.10.2018,08,39,47,18,45,09,36,RNG2RNG,
1860,24.10.2018,20,32,02,18,34,22,46,RNG2RNG,
1861,27.10.2018,09,16,41,44,33,13,11,RNG2RNG,
1862,31.10.2018,23,17,06,18,47,33,16,RNG2RNG,
1863,03.11.2018,49,37,33,45,11,41,26,RNG2RNG,
1864,07.11.2018,29,08,02,47,35,42,18,RNG2RNG,
1865,10.11.2018,41,09,08,42,05,33,20,RNG2RNG,
1866,14.11.2018,32,36,12,26,27,18,33,RNG2RNG,
1867,17.11.2018,33,18,06,14,28,44,32,RNG2RNG,
1868,21.11.2018,10,36,27,22,46,52,39,RNG2RNG,
1869,24.11.2018,51,27,11,06,34,22,19,RNG2RNG,
1870,28.11.2018,04,20,02,40,45,38,24,RNG2RNG,
1871,01.12.2018,29,16,01,49,45,19,10,RNG2RNG,
1872,05.12.2018,11,08,25,02,26,28,44,RNG2RNG,
1873,08.12.2018,03,29,27,21,07,12,39,RNG2RNG,
1874,12.12.2018,38,50,24,37,06,34,40,RNG2RNG,
1875,15.12.2018,17,43,50,32,51,16,23,RNG2RNG,
1876,19.12.2018,52,19,38,33,14,45,51,RNG2RNG,
1877,22.12.2018,39,24,45,02,19,51,40,RNG2RNG,
1878,26.12.2018,15,12,06,20,29,01,26,RNG2RNG,
1879,29.12.2018,09,15,50,07,52,51,33,RNG2RNG,
1880,02.01.2019,04,14,12,08,27,40,24,RNG2RNG,
1881,05.01.2019,39,27,35,14,25,05,01,RNG2RNG,
1882,09.01.2019,26,43,08,15,32,03,46,RNG2RNG,
1883,12.01.2019,21,16,04,11,46,18,12,RNG2RNG,
1884,16.01.2019,52,33,44,49,48,19,09,RNG2RNG,
1885,19.01.2019,07,02,39,24,46,17,27,RNG2RNG,
1886,23.01.2019,03,05,28,38,32,24,40,RNG2RNG,
1887,26.01.2019,11,45,29,40,07,23,14,RNG2RNG,
1888,30.01.2019,21,23,38,44,48,26,36,RNG2RNG,
1889,02.02.2019,32,19,06,01,28,48,40,RNG2RNG,
1890,06.02.2019,13,36,45,29,32,07,27,RNG2RNG,
1891,09.02.2019,40,17,06,49,10,31,24,RNG2RNG,
1892,13.02.2019,14,32,26,46,28,29,51,RNG2RNG,
1893,16.02.2019,10,39,25,47,29,17,27,RNG2RNG,
1894,20.02.2019,06,52,21,30,16,27,35,RNG2RNG,
1895,23.02.2019,13,02,03,52,25,40,38,RNG2RNG,
1896,27.02.2019,17,36,15,38,33,18,20,RNG2RNG,
1897,02.03.2019,35,20,16,34,17,29,06,RNG2RNG,
1898,06.03.2019,24,06,30,16,46,23,43,RNG2RNG,
1899,09.03.2019,48,32,24,49,36,20,22,RNG2RNG,
1900,13.03.2019,48,16,45,46,12,43,33,RNG2RNG,
1901,16.03.2019,12,51,02,47,34,31,06,RNG2RNG,
1902,20.03.2019,42,50,12,47,35,37,29,RNG2RNG,
1903,23.03.2019,34,40,33,02,38,46,21,RNG2RNG,
1904,27.03.2019,52,05,11,24,46,17,38,RNG2RNG,
1905,30.03.2019,28,22,16,37,36,10,42,RNG2RNG,
1906,03.04.2019,51,32,49,45,29,26,22,RNG2RNG,
1907,06.04.2019,29,23,13,43,25,14,39,RNG2RNG,
1908,10.04.2019,06,01,47,13,18,36,34,RNG2RNG,
1909,13.04.2019,39,22,34,46,13,16,37,RNG2RNG,
1910,17.04.2019,42,38,01,19,51,50,21,RNG2RNG,
1911,20.04.2019,30,39,05,16,10,33,13,RNG2RNG,
1912,24.04.2019,04,52,01,50,08,28,45,RNG2RNG,
1913,27.04.2019,04,19,21,43,44,51,13,RNG2RNG,
1914,01.05.2019,10,06,30,02,42,45,35,RNG2RNG,
1915,04.05.2019,03,27,50,34,41,32,16,RNG2RNG,
1916,08.05.2019,50,01,27,28,31,37,14,RNG2RNG,
1917,11.05.2019,28,36,41,35,45,25,48,RNG2RNG,
1918,15.05.2019,32,20,31,23,29,52,42,RNG2RNG,
1919,18.05.2019,52,01,13,05,36,20,16,RNG2RNG,
1920,22.05.2019,50,03,52,24,02,23,19,RNG2RNG,
1921,25.05.2019,17,34,06,12,04,32,08,RNG2RNG,
1922,29.05.2019,34,19,46,28,11,52,32,RNG2RNG,
1923,01.06.2019,46,50,04,30,12,27,23,RNG2RNG,
1924,05.06.2019,15,46,39,26,50,09,20,RNG2RNG,
1925,08.06.2019,49,44,16,11,52,14,45,RNG2RNG,
1926,12.06.2019,01,02,50,43,31,34,13,RNG2RNG,
1927,15.06.2019,32,02,13,09,04,39,21,RNG2RNG,
1928,19.06.2019,04,09,19,16,22,18,39,RNG2RNG,
1929,22.06.2019,52,03,10,33,09,48,19,RNG2RNG,
1930,26.06.2019,42,10,37,44,26,14,19,RNG2RNG,
1931,29.06.2019,45,41,51,52,38,43,37,RNG2RNG,
1932,03.07.2019,50,16,08,51,17,22,25,RNG2RNG,
1933,06.07.2019,29,01,41,21,26,38,23,RNG2RNG,
1934,10.07.2019,04,46,06,28,20,49,03,RNG2RNG,
1935,13.07.2019,06,22,43,42,26,17,29,RNG2RNG,
1936,17.07.2019,38,32,06,45,10,05,36,RNG2RNG,
1937,20.07.2019,08,29,32,24,28,51,45,RNG2RNG,
1938,24.07.2019,01,36,43,46,11,29,40,RNG2RNG,
1939,27.07.2019,48,08,44,33,52,40,21,RNG2RNG,
1940,31.07.2019,48,03,45,02,10,18,36,RNG2RNG,
1941,03.08.2019,12,26,49,33,47,22,09,RNG2RNG,
1942,07.08.2019,27,52,24,15,44,19,22,RNG2RNG,
1943,10.08.2019,20,45,26,21,48,06,44,RNG2RNG,
1944,14.08.2019,10,23,33,28,41,30,35,RNG2RNG,
1945,17.08.2019,52,14,49,05,51,40,02,RNG2RNG,
1946,21.08.2019,19,36,22,14,35,29,51,RNG2RNG,
1947,24.08.2019,13,03,26,33,18,47,01,RNG2RNG,
1948,28.08.2019,51,43,06,14,13,42,20,RNG2RNG,
1949,31.08.2019,39,41,27,15,22,25,19,RNG2RNG,
1950,04.09.2019,44,14,42,21,40,01,22,RNG2RNG,
1951,07.09.2019,13,33,14,09,23,20,46,RNG2RNG,
1952,11.09.2019,35,36,49,05,10,32,26,RNG2RNG,
1953,14.09.2019,04,28,47,25,27,37,29,RNG2RNG,
1954,18.09.2019,50,52,49,20,21,39,47,RNG2RNG,
1955,21.09.2019,23,10,29,22,31,41,20,RNG2RNG,
1956,25.09.2019,02,06,05,01,49,10,20,RNG2RNG,
1957,28.09.2019,42,46,17,24,28,03,14,RNG2RNG,
1958,02.10.2019,37,40,08,35,16,18,12,RNG2RNG,
1959,05.10.2019,23,24,02,25,12,43,17,RNG2RNG,
1960,09.10.2019,08,49,50,44,27,03,07,RNG2RNG,
1961,12.10.2019,34,25,24,48,13,08,38,RNG2RNG,
1962,16.10.2019,07,20,25,08,21,33,41,RNG2RNG,
1963,19.10.2019,48,08,27,17,38,52,30,RNG2RNG,
1964,23.10.2019,11,20,09,16,15,46,40,RNG2RNG,
1965,26.10.2019,24,33,30,14,37,18,28,RNG2RNG,
1966,30.10.2019,11,25,39,51,19,35,06,RNG2RNG,
1967,02.11.2019,02,04,33,46,20,13,27,RNG2RNG,
1968,06.11.2019,19,47,50,29,15,16,21,RNG2RNG,
1969,09.11.2019,19,41,50,23,52,16,20,RNG2RNG,
1970,13.11.2019,28,22,01,34,17,26,48,RNG2RNG,
1971,16.11.2019,22,47,35,11,19,44,26,RNG2RNG,
1972,20.11.2019,40,32,10,49,22,01,08,RNG2RNG,
1973,23.11.2019,10,25,27,09,52,51,05,RNG2RNG,
1974,27.11.2019,20,12,37,17,14,34,26,RNG2RNG,
1975,30.11.2019,43,04,17,34,08,18,48,RNG2RNG,
1976,04.12.2019,25,03,14,48,39,51,28,RNG2RNG,
1977,07.12.2019,34,11,46,20,15,12,27,RNG2RNG,
1978,11.12.2019,03,28,31,18,50,06,24,RNG2RNG,
1979,14.12.2019,06,23,34,49,03,02,20,RNG2RNG,
1980,18.12.2019,32,17,44,10,24,40,05,RNG2RNG,
1981,21.12.2019,03,15,01,45,29,35,52,RNG2RNG,
1982,28.12.2019,16,29,08,04,11,42,28,RNG2RNG,
1983,01.01.2020,05,42,04,40,24,47,17,RNG2RNG,
1984,04.01.2020,14,41,43,08,13,44,19,RNG2RNG,
1985,08.01.2020,50,43,19,14,45,21,37,RNG2RNG,
1986,11.01.2020,18,16,06,47,51,33,29,RNG2RNG,
1987,15.01.2020,31,06,36,42,25,41,50,RNG2RNG,
1988,18.01.2020,46,49,48,08,02,18,09,RNG2RNG,
1989,22.01.2020,12,37,52,19,24,31,14,RNG2RNG,
1990,25.01.2020,17,49,22,35,29,15,25,RNG2RNG,
1991,29.01.2020,13,50,34,15,28,37,02,RNG2RNG,
1992,01.02.2020,42,16,47,01,13,25,15,RNG2RNG,
1993,05.02.2020,03,41,20,06,45,21,29,RNG2RNG,
1994,08.02.2020,03,41,37,28,51,42,14,RNG2RNG,
1995,12.02.2020,16,32,18,38,39,44,31,RNG2RNG,
1996,15.02.2020,23,07,45,48,20,01,16,RNG2RNG,
1997,19.02.2020,11,17,39,52,22,13,02,RNG2RNG,
1998,22.02.2020,32,34,07,46,48,31,41,RNG2RNG,
1999,26.02.2020,23,48,51,25,44,34,41,RNG2RNG,
2000,29.02.2020,26,28,23,30,34,09,46,RNG2RNG,
2001,04.03.2020,50,43,26,47,10,35,02,RNG2RNG,
2002,07.03.2020,12,48,01,09,14,30,46,RNG2RNG,
2003,11.03.2020,38,46,22,04,34,17,06,RNG2RNG,
2004,14.03.2020,17,37,15,29,39,16,47,RNG2RNG,
2005,18.03.2020,50,48,42,45,07,37,43,RNG2RNG,
2006,21.03.2020,50,45,47,03,13,36,46,RNG2RNG,
2007,25.03.2020,10,47,25,19,13,42,35,RNG2RNG,
2008,28.03.2020,28,14,06,13,19,45,04,RNG2RNG,
2009,01.04.2020,51,15,07,32,42,45,01,RNG2RNG,
2010,04.04.2020,43,04,21,24,10,03,22,RNG2RNG,
2011,08.04.2020,42,43,08,18,02,29,34,RNG2RNG,
2012,11.04.2020,48,06,43,41,25,45,38,RNG2RNG,
2013,15.04.2020,24,48,33,51,28,36,46,RNG2RNG,
2014,18.04.2020,24,47,14,08,38,31,21,RNG2RNG,
2015,22.04.2020,02,33,38,20,14,01,09,RNG2RNG,
2016,25.04.2020,24,36,04,44,48,39,01,RNG2RNG,
2017,29.04.2020,43,30,25,09,26,33,23,RNG2RNG,
2018,02.05.2020,01,19,31,14,43,11,07,RNG2RNG,
2019,06.05.2020,01,28,32,16,49,29,47,RNG2RNG,
2020,09.05.2020,41,29,40,26,45,48,39,RNG2RNG,
2021,13.05.2020,05,08,01,06,18,10,34,RNG2RNG,
2022,16.05.2020,49,15,08,10,30,27,06,RNG2RNG,
2023,20.05.2020,06,27,30,25,13,36,32,RNG2RNG,
2024,23.05.2020,35,18,11,02,20,48,36,RNG2RNG,
2025,27.05.2020,03,42,39,15,09,24,04,RNG2RNG,
2026,30.05.2020,13,04,46,31,23,20,28,RNG2RNG,
2027,03.06.2020,26,43,31,16,23,07,34,RNG2RNG,
2028,06.06.2020,23,16,37,15,36,38,18,RNG2RNG,
2029,10.06.2020,23,18,34,49,15,16,32,RNG2RNG,
2030,13.06.2020,12,47,03,32,02,13,41,RNG2RNG,
2031,17.06.2020,52,36,40,32,35,01,51,RNG2RNG,
2032,20.06.2020,40,45,28,06,49,24,39,RNG2RNG,
2033,24.06.2020,19,09,03,21,14,24,08,RNG2RNG,
2034,27.06.2020,35,48,45,09,39,08,41,RNG2RNG,
2035,01.07.2020,41,13,30,21,32,05,40,RNG2RNG,
2036,04.07.2020,42,14,15,44,51,08,04,RNG2RNG,
2037,08.07.2020,08,10,16,03,43,17,52,RNG2RNG,
2038,11.07.2020,52,24,07,36,20,43,11,RNG2RNG,
2039,15.07.2020,11,27,19,15,04,38,48,RNG2RNG,
2040,18.07.2020,03,17,36,42,30,32,02,RNG2RNG,
2041,22.07.2020,13,04,07,19,52,12,46,RNG2RNG,
2042,25.07.2020,05,09,48,24,20,27,08,RNG2RNG,
2043,29.07.2020,48,26,06,23,16,33,07,RNG2RNG,
2044,01.08.2020,41,46,23,05,38,09,14,RNG2RNG,
2045,05.08.2020,23,39,51,31,33,07,30,RNG2RNG,
2046,08.08.2020,25,51,23,13,47,30,38,RNG2RNG,
2047,12.08.2020,12,24,30,23,49,44,36,RNG2RNG,
2048,15.08.2020,01,15,19,13,26,32,38,RNG2RNG,
2049,19.08.2020,26,42,01,49,07,27,18,RNG2RNG,
2050,22.08.2020,18,51,29,37,48,43,09,RNG2RNG,
2051,26.08.2020,12,11,43,41,49,01,15,RNG2RNG,
2052,29.08.2020,33,21,45,16,27,09,17,RNG2RNG,
2053,02.09.2020,28,48,09,21,16,37,49,RNG2RNG,
2054,05.09.2020,29,30,21,23,17,39,47,RNG2RNG,
2055,09.09.2020,08,31,43,35,33,15,40,RNG2RNG,
2056,12.09.2020,34,30,40,13,20,50,28,RNG2RNG,
2057,16.09.2020,32,44,51,49,28,52,15,RNG2RNG,
2058,19.09.2020,24,23,10,32,09,04,07,RNG2RNG,
2059,23.09.2020,46,08,17,20,10,40,47,RNG2RNG,
2060,26.09.2020,07,42,21,18,27,03,50,RNG2RNG,
2061,30.09.2020,18,33,26,09,28,25,11,RNG2RNG,
2062,03.10.2020,51,26,27,42,23,03,37,RNG2RNG,
2063,07.10.2020,26,22,01,42,16,45,36,RNG2RNG,
2064,10.10.2020,22,48,41,33,42,02,05,RNG2RNG,
2065,14.10.2020,45,01,35,52,49,51,16,RNG2RNG,
2066,17.10.2020,28,02,04,41,07,48,37,RNG2RNG,
2067,21.10.2020,36,42,10,29,51,43,19,RNG2RNG,
2068,24.10.2020,39,49,32,24,30,01,23,RNG2RNG,
2069,28.10.2020,20,06,30,51,16,44,28,RNG2RNG,
2070,31.10.2020,45,49,26,35,50,13,05,RNG2RNG,
2071,04.11.2020,17,34,02,51,24,14,19,RNG2RNG,
2072,07.11.2020,28,04,14,02,46,15,05,RNG2RNG,
2073,11.11.2020,46,19,23,45,36,16,06,RNG2RNG,
2074,14.11.2020,31,04,15,13,47,28,35,RNG2RNG,
2075,18.11.2020,20,08,44,42,27,01,47,RNG2RNG,
2076,21.11.2020,03,52,09,12,14,22,47,RNG2RNG,
2077,25.11.2020,33,20,05,11,14,10,15,RNG2RNG,
2078,28.11.2020,37,15,24,36,06,12,45,RNG2RNG,
2079,02.12.2020,27,37,38,34,48,09,19,RNG2RNG,
2080,05.12.2020,38,17,27,46,45,07,26,RNG2RNG,
2081,09.12.2020,30,44,42,32,48,21,01,RNG2RNG,
2082,12.12.2020,12,47,37,43,19,08,41,RNG2RNG,
2083,16.12.2020,02,29,01,50,33,36,22,RNG2RNG,
2084,19.12.2020,35,33,46,30,11,49,24,RNG2RNG,
2085,23.12.2020,15,44,05,22,23,07,37,RNG2RNG,
2086,26.12.2020,24,08,37,44,49,33,17,RNG2RNG,
2087,30.12.2020,10,42,02,38,36,19,21,RNG2RNG,
2088,02.01.2021,21,46,35,09,28,11,31,RNG2RNG,
2089,06.01.2021,04,50,52,10,41,20,48,RNG2RNG,
2090,09.01.2021,25,10,28,23,39,48,52,RNG2RNG,
2091,13.01.2021,48,03,15,01,36,25,02,RNG2RNG,
2092,16.01.2021,49,25,44,42,21,40,22,RNG2RNG,
2093,20.01.2021,20,48,19,32,46,24,38,RNG2RNG,
2094,23.01.2021,39,46,20,49,18,47,36,RNG2RNG,
2095,27.01.2021,38,15,03,02,42,13,44,RNG2RNG,
2096,30.01.2021,27,21,34,35,32,06,45,RNG2RNG,
2097,03.02.2021,10,51,22,07,18,36,29,RNG2RNG,
2098,06.02.2021,26,15,33,05,14,17,47,RNG2RNG,
2099,10.02.2021,12,21,42,15,01,10,48,RNG2RNG,
2100,13.02.2021,25,26,18,05,29,42,17,RNG2RNG,
2101,17.02.2021,43,06,03,25,01,35,11,RNG2RNG,
2102,20.02.2021,38,08,41,21,16,03,45,RNG2RNG,
2103,24.02.2021,29,10,16,49,12,07,21,RNG2RNG,
2104,27.02.2021,21,32,13,22,14,11,05,RNG2RNG,
2105,03.03.2021,08,11,50,49,26,34,13,RNG2RNG,
2106,06.03.2021,40,18,43,20,41,03,33,RNG2RNG,
2107,10.03.2021,01,16,07,45,41,52,31,RNG2RNG,
2108,13.03.2021,11,26,13,21,50,34,17,RNG2RNG,
2109,17.03.2021,04,11,31,25,47,37,20,RNG2RNG,
2110,20.03.2021,49,50,14,46,02,21,38,RNG2RNG,
2111,24.03.2021,01,45,42,41,49,23,43,RNG3RNG,
2112,27.03.2021,13,27,45,11,51,25,52,RNG2RNG,
2113,31.03.2021,52,39,47,16,49,01,23,RNG2RNG,
2114,03.04.2021,30,09,32,06,34,15,11,RNG2RNG,
2115,07.04.2021,46,39,07,13,30,37,17,RNG2RNG,
2116,10.04.2021,43,13,25,01,46,24,16,RNG2RNG,
2117,14.04.2021,48,08,01,26,05,19,30,RNG2RNG,
2118,17.04.2021,51,30,44,47,14,28,03,RNG2RNG,
2119,21.04.2021,31,07,10,01,23,11,08,RNG2RNG,
2120,24.04.2021,31,43,22,26,42,40,19,RNG2RNG,
2121,28.04.2021,18,22,31,07,48,20,29,RNG2RNG,
2122,01.05.2021,51,43,13,10,11,20,04,RNG2RNG,
2123,05.05.2021,14,32,19,31,06,28,39,RNG2RNG,
2124,08.05.2021,43,02,26,12,24,15,06,RNG2RNG,
2125,12.05.2021,20,11,42,02,13,31,16,RNG2RNG,
2126,15.05.2021,42,37,07,13,29,38,08,RNG2RNG,
2127,19.05.2021,06,16,45,12,35,01,02,RNG2RNG,
2128,22.05.2021,50,35,46,10,01,26,14,RNG2RNG,
2129,26.05.2021,29,52,22,50,06,45,32,RNG2RNG,
2130,29.05.2021,20,29,16,18,22,26,41,RNG2RNG,
2131,02.06.2021,33,26,27,47,22,31,34,RNG2RNG,
2132,05.06.2021,09,26,36,46,40,35,14,RNG2RNG,
2133,09.06.2021,36,15,11,34,48,50,43,RNG2RNG,
2134,12.06.2021,23,07,21,48,43,30,36,RNG2RNG,
2135,16.06.2021,07,37,49,51,08,29,43,RNG2RNG,
2136,19.06.2021,03,51,38,13,14,10,47,RNG2RNG,
2137,23.06.2021,12,43,52,30,38,35,34,RNG2RNG,
2138,26.06.2021,05,11,15,29,33,02,21,RNG2RNG,
2139,30.06.2021,38,10,37,29,08,50,30,RNG2RNG,
2140,03.07.2021,46,04,12,20,49,34,31,RNG2RNG,
2141,07.07.2021,39,23,26,34,29,32,10,RNG2RNG,
2142,10.07.2021,13,37,01,32,39,09,24,RNG2RNG,
2143,14.07.2021,13,52,26,46,22,44,27,RNG2RNG,
2144,17.07.2021,20,41,18,35,11,04,45,RNG2RNG,
2145,21.07.2021,28,13,23,31,03,06,21,RNG2RNG,
2146,24.07.2021,40,39,47,44,45,06,31,RNG2RNG,
2147,28.07.2021,28,01,13,22,27,05,25,RNG2RNG,
2148,31.07.2021,45,37,29,39,24,36,50,RNG2RNG,
2149,04.08.2021,51,27,37,26,30,21,29,RNG2RNG,
2150,07.08.2021,31,50,03,25,13,26,32,RNG2RNG,
2151,11.08.2021,25,02,51,05,32,48,20,RNG2RNG,
2152,14.08.2021,14,34,49,05,44,19,08,RNG2RNG,
2153,18.08.2021,14,33,03,29,30,35,04,RNG2RNG,
2154,21.08.2021,50,38,45,29,19,10,35,RNG2RNG,
2155,25.08.2021,11,30,26,33,50,28,22,RNG2RNG,
2156,28.08.2021,08,47,14,42,16,21,30,RNG2RNG,
2157,01.09.2021,36,42,14,33,02,23,45,RNG2RNG,
2158,04.09.2021,39,27,04,30,06,41,22,RNG2RNG,
2159,08.09.2021,02,20,04,28,19,18,45,RNG2RNG,
2160,11.09.2021,48,07,50,36,22,38,37,RNG2RNG,
2161,15.09.2021,47,09,08,45,52,19,24,RNG2RNG,
2162,18.09.2021,04,34,47,32,11,12,08,RNG2RNG,
2163,22.09.2021,32,50,27,28,02,08,35,RNG2RNG,
2164,25.09.2021,10,47,48,38,07,02,30,RNG2RNG,
2165,29.09.2021,14,35,15,24,33,51,26,RNG2RNG,
2166,02.10.2021,44,33,02,43,15,27,38,RNG2RNG,
2167,06.10.2021,11,34,25,45,26,16,30,RNG2RNG,
2168,09.10.2021,10,32,03,05,37,40,12,RNG2RNG,
2169,13.10.2021,10,35,26,01,38,49,27,RNG2RNG,
2170,16.10.2021,12,35,41,40,13,44,15,RNG2RNG,
2171,20.10.2021,35,43,42,24,17,03,39,RNG2RNG,
2172,23.10.2021,12,43,49,11,05,31,17,RNG2RNG,
2173,27.10.2021,38,44,31,01,26,48,22,RNG2RNG,
2174,30.10.2021,45,08,38,41,42,12,29,RNG2RNG,
2175,03.11.2021,05,16,11,06,13,12,42,RNG2RNG,
2176,06.11.2021,45,30,25,38,03,22,50,RNG2RNG,
2177,10.11.2021,12,19,08,15,34,49,31,RNG2RNG,
2178,13.11.2021,20,03,35,41,39,19,25,RNG2RNG,
2179,17.11.2021,35,43,52,05,14,50,34,RNG2RNG,
2180,20.11.2021,02,23,42,32,26,21,47,RNG2RNG,
2181,24.11.2021,18,43,39,06,48,24,40,RNG2RNG,
2182,27.11.2021,05,15,16,38,34,42,41,RNG2RNG,
2183,01.12.2021,09,17,39,08,01,50,30,RNG2RNG,
2184,04.12.2021,30,42,28,46,17,26,14,RNG2RNG,
2185,08.12.2021,13,46,36,44,41,30,35,RNG2RNG,
2186,11.12.2021,14,12,28,51,16,02,19,RNG2RNG,
2187,15.12.2021,48,09,45,50,41,07,24,RNG2RNG,
2188,18.12.2021,12,26,22,04,17,23,01,RNG2RNG,
2189,22.12.2021,37,34,45,15,23,32,21,RNG2RNG,
2190,29.12.2021,02,39,17,46,04,43,51,RNG2RNG,
2191,01.01.2022,16,05,44,49,10,43,23,RNG2RNG,
2192,05.01.2022,15,14,08,30,25,31,17,RNG2RNG,
2193,08.01.2022,15,17,22,33,06,12,46,RNG2RNG,
2194,12.01.2022,16,05,30,47,52,45,13,RNG2RNG,
2195,15.01.2022,25,37,19,12,07,13,50,RNG2RNG,
2196,19.01.2022,37,01,14,21,49,33,44,RNG2RNG,
2197,22.01.2022,38,11,31,08,05,17,39,RNG2RNG,
2198,26.01.2022,17,38,50,46,44,03,07,RNG2RNG,
2199,29.01.2022,34,52,08,19,36,10,02,RNG2RNG,
2200,02.02.2022,20,11,17,28,46,31,25,RNG2RNG,
2201,05.02.2022,38,33,04,36,31,21,17,RNG2RNG,
2202,09.02.2022,28,20,02,35,18,44,23,RNG2RNG,
2203,12.02.2022,21,24,39,12,25,19,07,RNG2RNG,
2204,16.02.2022,24,25,41,27,11,04,30,RNG2RNG,
2205,19.02.2022,11,12,04,48,20,38,02,RNG2RNG,
2206,23.02.2022,41,08,28,23,30,13,43,RNG2RNG,
2207,26.02.2022,01,14,27,47,11,46,24,RNG2RNG,
2208,02.03.2022,43,45,10,37,05,15,19,RNG2RNG,
2209,05.03.2022,39,14,49,17,16,50,02,RNG2RNG,
2210,09.03.2022,22,40,15,29,42,17,02,RNG2RNG,
2211,12.03.2022,43,32,52,39,20,13,40,RNG2RNG,
2212,16.03.2022,40,43,17,38,29,30,04,RNG2RNG,
2213,19.03.2022,23,09,03,48,42,41,16,RNG2RNG,
2214,23.03.2022,38,48,30,06,03,10,08,RNG2RNG,
2215,26.03.2022,06,28,22,18,34,45,20,RNG2RNG,
2216,30.03.2022,38,44,12,31,18,24,51,RNG2RNG,
2217,02.04.2022,28,48,07,49,38,10,31,RNG2RNG,
2218,06.04.2022,47,51,29,48,13,10,02,RNG2RNG,
2219,09.04.2022,46,11,42,02,27,05,14,RNG2RNG,
2220,13.04.2022,22,03,27,31,39,17,38,RNG2RNG,
2221,16.04.2022,49,25,14,30,43,10,22,RNG2RNG,
2222,20.04.2022,47,01,25,39,06,26,24,RNG2RNG,
2223,23.04.2022,24,34,01,18,09,51,37,RNG2RNG,
2224,27.04.2022,49,32,14,24,17,04,37,RNG2RNG,
2225,30.04.2022,28,22,14,45,27,35,10,RNG2RNG,
2226,04.05.2022,44,36,30,28,07,11,33,RNG2RNG,
2227,07.05.2022,50,40,35,36,14,45,44,RNG2RNG,
2228,11.05.2022,51,25,50,20,22,36,12,RNG2RNG,
2229,14.05.2022,22,10,36,27,13,40,45,RNG2RNG,
2230,18.05.2022,09,16,15,04,23,29,21,RNG2RNG,
2231,21.05.2022,37,20,28,07,03,02,05,RNG2RNG,
2232,25.05.2022,31,12,06,17,01,45,10,RNG2RNG,
2233,28.05.2022,47,14,28,30,44,31,04,RNG2RNG,
2234,01.06.2022,22,43,15,27,20,49,29,RNG2RNG,
2235,04.06.2022,47,22,23,32,35,11,41,RNG2RNG,
2236,08.06.2022,34,27,48,39,25,21,44,RNG2RNG,
2237,11.06.2022,23,15,06,34,18,37,48,RNG2RNG,
2238,15.06.2022,45,02,36,50,19,24,26,RNG2RNG,
2239,18.06.2022,35,13,37,44,25,38,52,RNG2RNG,
2240,22.06.2022,38,42,46,32,16,09,33,RNG2RNG,
2241,25.06.2022,43,02,35,19,08,29,07,RNG2RNG,
2242,29.06.2022,41,34,33,51,40,27,36,RNG2RNG,
2243,02.07.2022,38,37,17,04,46,22,23,RNG2RNG,
2244,06.07.2022,26,42,16,11,38,34,52,RNG2RNG,
2245,09.07.2022,35,06,24,44,29,41,49,RNG2RNG,
2246,13.07.2022,03,09,10,29,06,51,11,RNG2RNG,
2247,16.07.2022,45,07,22,31,13,46,09,RNG2RNG,
2248,20.07.2022,03,06,41,15,45,30,20,RNG2RNG,
2249,23.07.2022,50,47,23,48,33,52,24,RNG2RNG,
2250,27.07.2022,07,49,41,36,01,51,45,RNG2RNG,
2251,30.07.2022,34,01,09,13,37,35,42,RNG2RNG,
2252,03.08.2022,05,09,51,12,50,23,04,RNG2RNG,
2253,06.08.2022,30,44,07,18,36,47,28,RNG2RNG,
2254,10.08.2022,34,45,21,14,13,52,26,RNG2RNG,
2255,13.08.2022,27,28,39,48,08,06,07,RNG2RNG,
2256,17.08.2022,13,35,21,05,34,39,28,RNG2RNG,
2257,20.08.2022,27,51,46,07,20,09,47,RNG2RNG,
2258,24.08.2022,48,08,37,12,11,41,40,RNG2RNG,
2259,27.08.2022,14,31,10,37,24,04,20,RNG2RNG,
2260,31.08.2022,09,31,03,39,25,13,36,RNG2RNG,
2261,03.09.2022,45,07,50,49,34,20,17,RNG2RNG,
2262,07.09.2022,44,28,40,17,10,02,34,RNG2RNG,
2263,10.09.2022,41,17,06,44,19,15,25,RNG2RNG,
2264,14.09.2022,29,31,48,46,04,17,50,RNG2RNG,
2265,17.09.2022,34,07,22,01,39,46,15,RNG2RNG,
2266,21.09.2022,16,15,42,24,08,32,14,RNG2RNG,
2267,24.09.2022,18,44,03,28,36,29,22,RNG2RNG,
2268,28.09.2022,47,31,29,02,15,12,48,RNG2RNG,
2269,01.10.2022,07,13,42,09,26,16,12,RNG2RNG,
2270,05.10.2022,26,14,40,16,42,23,13,RNG2RNG,
2271,08.10.2022,12,11,36,07,39,19,04,RNG2RNG,
2272,12.10.2022,44,04,26,15,16,45,22,RNG2RNG,
2273,15.10.2022,46,21,11,13,09,30,19,RNG2RNG,
2274,19.10.2022,29,14,52,01,40,05,34,RNG2RNG,
2275,22.10.2022,48,47,33,14,37,12,11,RNG2RNG,
2276,26.10.2022,04,50,18,14,42,23,22,RNG2RNG,
2277,29.10.2022,43,09,32,30,38,50,28,RNG2RNG,
2278,02.11.2022,33,01,22,40,07,39,15,RNG2RNG,
2279,05.11.2022,38,45,04,27,32,18,42,RNG2RNG,
2280,09.11.2022,51,46,35,11,41,18,13,RNG2RNG,
2281,12.11.2022,11,52,01,45,51,48,09,RNG2RNG,
2282,16.11.2022,23,02,12,46,42,04,49,RNG2RNG,
2283,19.11.2022,37,06,51,08,43,12,21,RNG2RNG,
2284,23.11.2022,19,03,27,12,08,10,18,RNG2RNG,
2285,26.11.2022,26,20,18,05,38,35,24,RNG2RNG,
2286,30.11.2022,11,29,51,44,25,41,17,RNG2RNG,
2287,03.12.2022,50,12,33,01,26,52,19,RNG2RNG,
2288,07.12.2022,01,47,18,45,05,52,19,RNG2RNG,
2289,10.12.2022,39,23,37,11,44,43,31,RNG2RNG,
2290,14.12.2022,20,02,07,35,21,46,22,RNG2RNG,
2291,17.12.2022,20,36,40,04,18,06,43,RNG2RNG,
2292,21.12.2022,07,21,38,37,46,20,24,RNG2RNG,
2293,24.12.2022,07,10,19,17,50,23,43,RNG2RNG,
2294,28.12.2022,22,30,49,08,42,40,41,RNG2RNG,
2295,31.12.2022,12,19,18,41,52,48,35,RNG2RNG,
2296,04.01.2023,01,18,48,25,30,46,19,RNG2RNG,
2297,07.01.2023,19,03,04,32,25,27,08,RNG2RNG,
2298,11.01.2023,21,10,04,46,25,37,02,RNG2RNG,
2299,14.01.2023,34,09,33,08,14,47,26,RNG2RNG,
2300,18.01.2023,05,29,35,31,47,39,01,RNG2RNG,
2301,21.01.2023,13,01,22,14,41,52,09,RNG2RNG,
2302,25.01.2023,11,31,09,03,06,39,07,RNG2RNG,
2303,28.01.2023,46,27,08,30,32,52,43,RNG2RNG,
2304,01.02.2023,44,38,48,21,24,02,36,RNG2RNG,
2305,04.02.2023,23,47,45,13,11,50,10,RNG2RNG,
2306,08.02.2023,23,33,20,31,40,15,29,RNG2RNG,
2307,11.02.2023,09,11,35,39,40,48,19,RNG2RNG,
2308,15.02.2023,04,37,46,30,14,07,16,RNG2RNG,
2309,18.02.2023,09,31,50,07,25,21,15,RNG2RNG,
2310,22.02.2023,14,20,22,34,25,05,08,RNG2RNG,
2311,25.02.2023,12,19,33,14,24,42,05,RNG2RNG,
2312,01.03.2023,24,34,35,23,26,25,14,RNG2RNG,
2313,04.03.2023,04,38,13,09,45,42,40,RNG2RNG,
2314,08.03.2023,23,44,19,27,35,11,13,RNG2RNG,
2315,11.03.2023,49,17,50,38,44,48,05,RNG2RNG,
2316,15.03.2023,43,41,36,50,46,27,45,RNG2RNG,
2317,18.03.2023,31,08,05,26,47,50,35,RNG2RNG,
2318,22.03.2023,34,43,27,10,44,04,22,RNG2RNG,
2319,25.03.2023,10,31,35,39,46,11,03,RNG2RNG,
2320,29.03.2023,21,33,30,22,15,04,05,RNG2RNG,
2321,01.04.2023,29,31,32,27,26,52,12,RNG2RNG,
2322,05.04.2023,12,05,26,14,37,33,34,RNG2RNG,
2323,08.04.2023,02,41,37,08,17,16,35,RNG2RNG,
2324,12.04.2023,50,04,47,46,52,38,45,RNG2RNG,
2325,15.04.2023,42,39,36,03,35,18,08,RNG2RNG,
2326,19.04.2023,25,11,39,44,50,38,52,RNG2RNG,
2327,22.04.2023,29,35,07,52,03,28,12,RNG2RNG,
2328,26.04.2023,38,47,39,51,36,25,30,RNG2RNG,
2329,29.04.2023,07,51,15,35,28,44,31,RNG2RNG,
2330,03.05.2023,35,40,21,43,33,18,06,RNG3RNG,
2331,06.05.2023,22,46,19,30,45,39,24,RNG3RNG,
2332,10.05.2023,04,50,41,25,05,11,13,RNG3RNG,
2333,13.05.2023,49,30,10,16,23,24,05,RNG2RNG,
2334,17.05.2023,42,41,51,34,01,27,39,RNG2RNG,
2335,20.05.2023,01,22,37,42,30,17,35,RNG2RNG,
2336,24.05.2023,49,17,11,21,34,44,15,RNG2RNG,
2337,27.05.2023,33,47,18,08,02,16,35,RNG2RNG,
2338,31.05.2023,33,02,37,14,23,49,29,RNG2RNG,
2339,03.06.2023,29,04,15,41,22,38,52,RNG2RNG,
2340,07.06.2023,51,32,22,17,23,43,44,RNG2RNG,
2341,10.06.2023,12,32,06,48,23,08,33,RNG2RNG,
2342,14.06.2023,32,49,09,29,12,26,16,RNG2RNG,
2343,17.06.2023,03,48,44,04,11,33,02,RNG2RNG,
2344,21.06.2023,33,29,16,31,17,32,39,RNG2RNG,
2345,24.06.2023,09,32,51,04,24,18,10,RNG2RNG,
2346,28.06.2023,49,11,25,18,38,37,12,RNG2RNG,
2347,01.07.2023,46,50,20,16,36,45,03,RNG2RNG,
2348,05.07.2023,20,23,24,19,44,43,42,RNG2RNG,
2349,08.07.2023,14,41,33,48,49,39,30,RNG2RNG,
2350,12.07.2023,01,38,52,14,04,29,11,RNG2RNG,
2351,15.07.2023,47,27,08,37,12,48,07,RNG2RNG,
2352,19.07.2023,39,36,05,01,41,29,30,RNG2RNG,
2353,22.07.2023,42,26,28,20,01,25,13,RNG2RNG,
2354,26.07.2023,29,43,46,14,35,36,44,RNG2RNG,
2355,29.07.2023,21,40,09,16,04,14,44,RNG2RNG,
2356,02.08.2023,13,42,47,16,37,40,43,RNG2RNG,
2357,05.08.2023,43,44,27,48,07,39,10,RNG2RNG,
2358,09.08.2023,28,05,31,23,06,11,21,RNG2RNG,
2359,12.08.2023,25,27,46,12,21,40,13,RNG2RNG,
2360,16.08.2023,13,28,48,08,06,37,21,RNG2RNG,
2361,19.08.2023,22,33,15,18,13,14,36,RNG2RNG,
2362,23.08.2023,24,04,28,41,06,46,27,RNG2RNG,
2363,26.08.2023,07,28,49,48,10,27,20,RNG2RNG,
2364,30.08.2023,22,50,43,28,23,37,45,RNG2RNG,
2365,02.09.2023,40,23,37,36,46,02,39,RNG2RNG,
2366,06.09.2023,35,50,13,03,49,32,26,RNG2RNG,
2367,09.09.2023,10,07,30,18,23,20,04,RNG2RNG,
2368,13.09.2023,28,47,50,51,35,04,15,RNG2RNG,
2369,16.09.2023,44,19,10,34,18,32,25,RNG2RNG,
2370,20.09.2023,31,33,26,28,17,35,02,RNG2RNG,
2371,23.09.2023,25,05,01,24,27,41,50,RNG2RNG,
2372,27.09.2023,22,39,09,28,06,15,31,RNG2RNG,
2373,30.09.2023,16,15,01,14,40,10,33,RNG2RNG,
2374,04.10.2023,48,04,17,32,14,41,02,RNG2RNG,
2375,07.10.2023,30,23,21,29,10,13,22,RNG2RNG,
2376,11.10.2023,33,04,08,50,10,25,32,RNG2RNG,
2377,14.10.2023,51,49,10,20,08,17,44,RNG2RNG,
2378,18.10.2023,09,31,42,30,40,08,23,RNG2RNG,
2379,21.10.2023,38,42,49,40,22,48,18,RNG2RNG,
2380,25.10.2023,03,13,25,24,04,39,48,RNG3RNG,
2381,28.10.2023,01,46,43,51,41,36,25,RNG2RNG,
2382,01.11.2023,14,33,25,40,49,06,16,RNG3RNG,
2383,04.11.2023,51,30,12,48,18,52,38,RNG3RNG,
2384,08.11.2023,28,21,16,45,01,20,17,RNG2RNG,
2385,11.11.2023,46,33,47,43,45,03,22,RNG2RNG,
2386,15.11.2023,38,46,34,14,11,45,51,RNG2RNG,
2387,18.11.2023,41,25,21,34,19,11,44,RNG2RNG,
2388,22.11.2023,23,25,41,12,05,19,15,RNG2RNG,
2389,25.11.2023,03,25,24,15,40,14,45,RNG2RNG,
2390,29.11.2023,25,20,23,41,11,38,32,RNG2RNG,
2391,02.12.2023,51,35,32,33,42,01,20,RNG2RNG,
2392,06.12.2023,34,51,42,10,45,13,24,RNG2RNG,
2393,09.12.2023,44,42,23,14,40,08,33,RNG2RNG,
2394,13.12.2023,38,11,12,14,16,31,07,RNG2RNG,
2395,16.12.2023,31,22,17,43,36,47,29,RNG2RNG,
2396,20.12.2023,50,18,11,45,41,32,51,RNG2RNG,
2397,23.12.2023,20,19,50,28,37,49,48,RNG2RNG,
2398,27.12.2023,41,25,12,34,42,29,27,RNG2RNG,
2399,30.12.2023,17,15,10,09,37,35,04,RNG2RNG,
2400,03.01.2024,36,32,52,38,07,18,25,RNG2RNG,
2401,06.01.2024,17,24,09,05,18,30,06,RNG2RNG,
2402,10.01.2024,27,49,17,09,15,31,35,RNG2RNG,
2403,13.01.2024,48,51,13,50,29,11,47,RNG2RNG,
2404,17.01.2024,50,43,42,33,24,34,37,RNG2RNG,
2405,20.01.2024,10,41,03,08,16,36,09,RNG2RNG,
2406,24.01.2024,14,21,45,16,51,18,04,RNG2RNG,
2407,27.01.2024,45,15,02,28,49,26,06,RNG2RNG,
2408,31.01.2024,41,11,26,52,23,09,29,RNG2RNG,
2409,03.02.2024,31,24,43,17,16,36,44,RNG2RNG,
2410,07.02.2024,19,13,32,28,29,30,14,RNG2RNG,
2411,10.02.2024,24,18,38,43,03,46,51,RNG2RNG,
2412,14.02.2024,23,06,45,30,18,29,44,RNG2RNG,
2413,17.02.2024,48,44,29,03,01,09,25,RNG2RNG,
2414,21.02.2024,51,42,34,33,52,05,39,RNG2RNG,
2415,24.02.2024,34,29,02,27,20,07,37,RNG3RNG,
2416,28.02.2024,48,20,11,12,14,18,32,RNG2RNG,
2417,02.03.2024,47,18,08,40,25,49,31,RNG2RNG,
2418,06.03.2024,07,17,22,32,16,48,36,RNG2RNG,
2419,09.03.2024,09,17,27,46,50,24,48,RNG2RNG,
2420,13.03.2024,34,36,46,09,33,25,15,RNG2RNG,
2421,16.03.2024,51,05,11,08,19,15,21,RNG2RNG,
2422,20.03.2024,30,08,13,39,22,52,32,RNG2RNG,
2423,23.03.2024,02,01,03,43,04,17,36,RNG2RNG,
2424,27.03.2024,22,45,11,51,46,41,50,RNG2RNG,
2425,30.03.2024,43,29,18,40,50,39,27,RNG2RNG,
2426,03.04.2024,26,19,28,39,38,25,44,RNG2RNG,
2427,06.04.2024,08,28,07,19,17,49,12,RNG2RNG,
2428,10.04.2024,10,45,34,20,15,06,46,RNG2RNG,
2429,13.04.2024,14,16,47,23,22,35,24,RNG2RNG,
2430,17.04.2024,37,47,34,36,21,15,43,RNG2RNG,
2431,20.04.2024,25,06,29,05,02,30,10,RNG2RNG,
2432,24.04.2024,42,18,44,50,32,38,24,RNG2RNG,
2433,27.04.2024,17,40,27,11,10,33,08,RNG2RNG,
2434,01.05.2024,52,32,27,12,07,16,13,RNG2RNG,
2435,04.05.2024,36,49,03,35,14,33,25,RNG3RNG,
2436,08.05.2024,36,26,40,37,31,19,22,RNG2RNG,
2437,11.05.2024,35,51,43,01,38,08,30,RNG2RNG,
2438,15.05.2024,25,02,45,07,32,37,08,RNG2RNG,
2439,18.05.2024,37,28,24,47,12,38,01,RNG2RNG,
2440,22.05.2024,19,35,29,22,41,40,01,RNG2RNG,
2441,25.05.2024,36,25,04,29,01,45,20,RNG2RNG,
2442,29.05.2024,20,05,11,45,41,27,42,RNG2RNG,
2443,01.06.2024,29,17,37,18,12,42,27,RNG2RNG,
2444,05.06.2024,37,25,50,21,22,23,47,RNG2RNG,
2445,08.06.2024,06,05,41,11,10,35,17,RNG2RNG,
2446,12.06.2024,26,02,48,16,41,09,23,RNG2RNG,
2447,15.06.2024,48,46,35,01,32,14,22,RNG2RNG,
2448,19.06.2024,25,31,11,26,39,09,45,RNG2RNG,
2449,22.06.2024,21,47,29,25,51,12,32,RNG2RNG,
2450,26.06.2024,33,39,45,52,17,02,48,RNG2RNG,
2451,29.06.2024,21,10,11,44,15,47,08,RNG2RNG,
2452,03.07.2024,24,46,08,43,50,45,16,RNG2RNG,
2453,06.07.2024,44,29,49,03,10,28,50,RNG2RNG,
2454,10.07.2024,40,25,09,52,17,49,38,RNG2RNG,
2455,13.07.2024,36,44,34,45,14,33,28,RNG3RNG,
2456,17.07.2024,47,15,01,05,14,22,07,RNG2RNG,
2457,20.07.2024,19,42,27,46,22,37,47,RNG2RNG,
2458,24.07.2024,17,30,43,32,31,13,41,RNG2RNG,
2459,27.07.2024,48,21,20,37,26,34,10,RNG2RNG,
2460,31.07.2024,48,14,20,12,34,11,33,RNG2RNG,
2461,03.08.2024,48,31,26,45,22,12,06,RNG2RNG,
2462,07.08.2024,48,13,01,37,32,10,45,RNG2RNG,
2463,10.08.2024,24,07,41,26,11,32,15,RNG2RNG,
2464,14.08.2024,17,40,07,23,47,13,04,RNG2RNG,
2465,17.08.2024,38,31,49,12,04,07,15,RNG2RNG,
2466,21.08.2024,11,22,29,36,04,44,14,RNG2RNG,
2467,24.08.2024,05,02,22,13,23,51,01,RNG2RNG,
2468,28.08.2024,12,23,31,30,02,24,36,RNG2RNG,
2469,31.08.2024,25,46,01,19,14,10,29,RNG2RNG,
2470,04.09.2024,33,10,39,38,50,17,05,RNG2RNG,
2471,07.09.2024,07,40,18,02,29,49,38,RNG2RNG,
2472,11.09.2024,08,22,43,26,13,16,09,RNG2RNG,
2473,14.09.2024,08,52,28,46,06,04,27,RNG2RNG,
2474,18.09.2024,43,07,23,38,21,45,25,RNG2RNG,
2475,21.09.2024,32,33,50,21,29,36,52,RNG2RNG,
2476,25.09.2024,06,52,41,26,49,39,17,RNG2RNG,
2477,28.09.2024,40,29,28,32,25,42,26,RNG2RNG,
2478,02.10.2024,06,14,05,50,26,37,13,RNG2RNG,
2479,05.10.2024,43,14,21,27,47,40,45,RNG2RNG,
2480,09.10.2024,29,19,05,18,48,44,17,RNG2RNG,
2481,12.10.2024,05,10,46,51,08,49,27,RNG2RNG,
2482,16.10.2024,16,18,31,43,44,20,39,RNG2RNG,
2483,19.10.2024,44,24,50,48,19,39,30,RNG2RNG,
2484,23.10.2024,18,11,20,30,27,19,44,RNG2RNG,
2485,26.10.2024,22,04,12,29,38,41,10,RNG2RNG,
2486,30.10.2024,25,39,44,41,09,04,03,RNG2RNG,
2487,02.11.2024,51,10,07,42,15,01,49,RNG2RNG,
2488,06.11.2024,43,32,13,42,18,50,16,RNG2RNG,
2489,09.11.2024,29,49,46,20,06,07,31,RNG2RNG,
2490,13.11.2024,03,33,42,25,45,35,09,RNG2RNG,
2491,16.11.2024,28,36,04,08,15,13,52,RNG2RNG,
2492,20.11.2024,36,41,03,33,02,22,18,RNG2RNG,
2493,23.11.2024,22,16,25,10,09,03,43,RNG2RNG,
2494,27.11.2024,13,15,43,08,05,39,01,RNG2RNG,
2495,30.11.2024,40,24,34,52,07,37,20,RNG2RNG,
2496,04.12.2024,19,48,04,21,14,20,47,RNG2RNG,
2497,07.12.2024,30,10,47,50,49,20,21,RNG2RNG,
2498,11.12.2024,52,06,11,50,19,24,51,RNG2RNG,
2499,14.12.2024,42,47,39,06,11,08,41,RNG2RNG,
2500,18.12.2024,30,45,07,38,05,28,37,RNG2RNG,
2501,21.12.2024,41,30,06,33,09,23,08,RNG2RNG,
2502,28.12.2024,25,18,07,29,44,28,08,RNG2RNG,
2503,01.01.2025,52,07,03,18,23,24,26,RNG2RNG,
2504,04.01.2025,23,52,33,25,22,03,19,RNG2RNG,
2505,08.01.2025,24,49,16,34,38,22,35,RNG2RNG,
2506,11.01.2025,37,42,01,10,22,20,23,RNG2RNG,
2507,15.01.2025,35,41,09,10,37,04,39,RNG2RNG,
2508,18.01.2025,20,38,33,25,13,40,44,RNG2RNG,
2509,22.01.2025,46,23,48,06,45,09,12,RNG2RNG,
2510,25.01.2025,23,26,39,29,51,28,45,RNG2RNG,
2511,29.01.2025,06,24,32,11,13,44,14,RNG2RNG,
2512,01.02.2025,15,52,41,26,14,42,36,RNG3RNG,
2513,05.02.2025,42,28,07,30,18,05,01,RNG3RNG,
2514,08.02.2025,20,01,34,14,04,17,50,RNG3RNG,
2515,12.02.2025,48,41,09,23,42,03,39,RNG3RNG,
2516,15.02.2025,09,25,41,05,50,39,24,RNG3RNG,
2517,19.02.2025,50,32,43,13,11,51,16,RNG2RNG,
2518,22.02.2025,07,13,04,12,24,51,49,RNG2RNG,
2519,26.02.2025,47,38,45,36,44,27,41,RNG2RNG,
2520,01.03.2025,22,50,20,12,08,49,10,RNG2RNG,
2521,05.03.2025,08,45,51,37,02,48,24,RNG2RNG,
2522,08.03.2025,07,27,31,19,52,23,10,RNG2RNG,
2523,12.03.2025,32,48,12,39,24,07,09,RNG2RNG,
2524,15.03.2025,24,23,49,47,06,34,18,RNG2RNG,
2525,19.03.2025,17,29,02,37,03,27,12,RNG2RNG,
2526,22.03.2025,03,12,31,51,18,16,02,RNG2RNG,
2527,26.03.2025,12,38,18,27,25,21,31,RNG2RNG,
2528,29.03.2025,11,46,48,36,28,18,22,RNG2RNG,
2529,02.04.2025,06,22,29,50,07,44,04,RNG2RNG,
2530,05.04.2025,39,42,11,07,37,34,44,RNG2RNG,
2531,09.04.2025,05,49,03,27,45,50,20,RNG2RNG,
2532,12.04.2025,03,31,16,09,17,48,36,RNG2RNG,
2533,16.04.2025,09,23,26,20,51,16,29,RNG2RNG,
2534,19.04.2025,11,33,52,38,06,09,32,RNG2RNG,
2535,23.04.2025,31,34,22,44,05,01,33,RNG2RNG,
2536,26.04.2025,20,31,28,18,36,30,49,RNG2RNG,
2537,30.04.2025,19,45,08,52,31,20,03,RNG2RNG,
2538,03.05.2025,07,10,04,11,05,41,02,RNG2RNG,
2539,07.05.2025,31,09,27,10,45,30,23,RNG2RNG,
2540,10.05.2025,30,13,18,31,03,24,25,RNG2RNG,
2541,14.05.2025,40,18,19,30,09,31,28,RNG2RNG,
2542,17.05.2025,12,28,38,49,29,46,25,RNG2RNG,
2543,21.05.2025,38,17,06,25,29,46,20,RNG2RNG,
2544,24.05.2025,33,07,03,37,46,29,43,RNG2RNG,
2545,28.05.2025,03,02,32,01,29,18,14,RNG2RNG,
2546,31.05.2025,19,26,08,46,49,31,04,RNG2RNG,
2547,04.06.2025,32,34,08,52,36,24,26,RNG,RNG,
2548,07.06.2025,50,36,16,42,01,40,06,RNG,RNG,
2549,11.06.2025,38,32,43,16,46,35,50,RNG,RNG,
2550,14.06.2025,17,35,18,29,05,08,50,RNG,RNG,
2551,18.06.2025,39,13,30,38,27,10,16,RNG,RNG,
2552,21.06.2025,48,28,01,32,41,39,04,RNG,RNG,
2553,25.06.2025,18,16,46,45,41,17,05,RNG,RNG,
2554,28.06.2025,13,50,20,47,18,01,27,RNG,RNG,
2555,02.07.2025,26,44,45,08,35,11,41,RNG,RNG,
2556,05.07.2025,30,49,52,14,29,08,23,RNG,RNG,
2557,09.07.2025,35,01,13,12,31,08,49,RNG,RNG,
2558,12.07.2025,15,30,34,06,05,07,02,RNG,RNG,
2559,16.07.2025,27,08,48,10,45,44,26,RNG,RNG,
2560,19.07.2025,11,02,36,08,13,46,30,RNG,RNG,
2561,23.07.2025,52,15,17,40,05,08,04,RNG,RNG,
2562,26.07.2025,27,20,52,16,12,22,21,RNG,RNG,
2563,30.07.2025,50,47,34,29,06,27,15,RNG,RNG,
2564,02.08.2025,16,06,51,50,25,30,35,RNG,RNG,
2565,06.08.2025,49,26,03,18,31,05,22,RNG,RNG,
2566,09.08.2025,04,41,39,38,51,15,33,RNG,RNG,
2567,13.08.2025,38,02,34,19,50,04,49,RNG,RNG,
2568,16.08.2025,23,17,02,15,50,22,19,RNG,RNG,
2569,20.08.2025,14,43,02,16,19,41,45,RNG,RNG,
2570,23.08.2025,32,31,22,14,10,49,39,RNG,RNG,
2571,27.08.2025,28,44,17,03,52,11,48,RNG,RNG,
2572,30.08.2025,25,36,46,51,29,08,20,RNG,RNG,
2573,03.09.2025,17,26,30,44,48,25,38,RNG,RNG,
2574,06.09.2025,41,03,39,12,28,50,42,RNG,RNG,
2575,10.09.2025,37,28,19,35,26,46,03,RNG,RNG,
2576,13.09.2025,20,28,22,12,33,21,42,RNG,RNG,
2577,17.09.2025,23,18,38,52,27,12,48,RNG,RNG,
2578,20.09.2025,52,14,04,21,05,34,46,RNG,RNG,
2579,24.09.2025,32,49,23,16,42,58,55,RNG,RNG,
2580,27.09.2025,12,14,37,32,07,52,05,RNG2RNG,
2581,01.10.2025,28,12,20,14,30,05,16,RNG1RNG,
2582,04.10.2025,04,08,36,41,43,57,45,RNG3RNG,
2583,08.10.2025,11,46,35,56,07,29,26,RNG1RNG,
2584,11.10.2025,33,27,58,24,36,23,18,RNG1RNG,
2585,15.10.2025,51,49,16,27,17,20,57,RNG1RNG,
2586,18.10.2025,41,33,05,37,58,27,18,RNG1RNG,
2587,22.10.2025,44,08,31,53,40,17,48,RNG2RNG,
2588,25.10.2025,39,48,07,56,27,45,36,RNG1RNG,
2589,29.10.2025,43,22,45,10,53,02,06,RNG3RNG,
2590,01.11.2025,12,49,01,21,24,56,44,RNG1RNG,
2591,05.11.2025,33,55,13,09,58,51,19,RNG3RNG,
2592,08.11.2025,52,10,19,55,38,09,07,RNG3RNG,
2593,12.11.2025,20,56,44,39,09,16,47,RNG3RNG,
2594,15.11.2025,53,43,31,33,13,46,20,RNG2RNG,
2595,19.11.2025,21,14,56,26,58,19,37,RNG2RNG,
2596,22.11.2025,39,50,05,04,06,15,28,RNG1RNG,
2597,26.11.2025,04,08,36,33,25,32,22,RNG2NA
2598,29.11.2025,18,22,46,58,54,08,51,RNG2NA
2599,03.12.2025,01,42,53,32,08,29,45,RNG1NA
2600,06.12.2025,06,35,13,29,04,15,20,RNG3NA
2601,10.12.2025,32,48,13,22,14,10,57,RNG2NA
2602,13.12.2025,09,18,30,58,53,54,08,RNG2NA
2603,17.12.2025,01,06,26,40,12,54,38,RNG2NA
2604,20.12.2025,05,49,54,53,40,47,29,RNG2NA
2605,24.12.2025,07,43,20,12,56,39,34,RNG3NA
2606,27.12.2025,43,32,11,24,45,08,41,RNG2NA
2607,31.12.2025,16,05,45,04,10,22,25,RNG1NA
2608,03.01.2026,45,55,24,01,33,34,37,RNG3NA
2609,07.01.2026,44,04,49,06,29,57,02,RNG1NA
2610,10.01.2026,51,07,18,58,29,36,40,RNG3NA
2611,14.01.2026,43,36,57,34,16,56,55,RNG1NA
2612,17.01.2026,58,24,55,32,38,49,51,RNG1NA
2613,21.01.2026,09,32,54,35,56,18,02,RNG3NA
2614,24.01.2026,23,58,28,37,07,50,19,RNG1NA
2615,28.01.2026,36,09,37,19,49,18,50,RNG3NA
2616,31.01.2026,39,48,15,40,36,32,28,RNG2NA
2617,04.02.2026,26,17,51,03,20,53,22,RNG3NA
2618,07.02.2026,51,12,03,21,48,01,30,RNG3NA
2619,11.02.2026,24,22,35,14,16,29,03,RNG2NA
2620,14.02.2026,06,46,32,10,18,37,53,RNG3NA
2621,18.02.2026,36,13,22,56,50,06,28,RNG1NA
2622,21.02.2026,02,08,55,43,39,45,06,RNG2NA
2623,25.02.2026,12,07,38,32,55,11,20,RNG1NA
2624,28.02.2026,38,48,15,33,07,02,05,RNG3NA
2625,04.03.2026,17,37,10,01,11,57,25,RNG2NA
2626,07.03.2026,22,14,04,20,13,47,29,RNG1NA
2627,11.03.2026,56,05,02,58,49,54,46,RNG2NA
2628,14.03.2026,30,58,32,42,12,22,57,RNG1NA
2629,18.03.2026,04,45,26,49,24,46,05,RNG2NA
2630,21.03.2026,16,22,03,42,53,07,09,RNG1NA
2631,25.03.2026,28,12,19,31,01,52,38,RNG3NA
2632,28.03.2026,40,55,41,06,26,12,17,RNG3NA
2633,01.04.2026,18,14,56,27,52,29,10,RNG1NA
2634,04.04.2026,11,15,13,30,48,39,08,RNG2NA
2635,08.04.2026,02,53,40,43,48,23,55,RNG2NA
2636,11.04.2026,57,41,58,45,43,15,01,RNG1NA
2637,15.04.2026,22,02,54,27,10,01,55,RNG3NA
2638,18.04.2026,48,23,31,52,53,25,08,RNG3NA
2639,22.04.2026,27,12,23,26,10,37,05,RNG3NA
2640,25.04.2026,30,54,26,22,50,09,42,RNG2NA
2641,29.04.2026,36,09,15,32,49,03,40,RNG2NA
2642,02.05.2026,40,32,44,07,49,28,37,RNG2NA
2643,06.05.2026,23,40,42,44,08,06,10,RNG3NA
2644,09.05.2026,56,52,45,21,24,18,53,RNG3NA
2645,13.05.2026,22,01,51,40,58,37,43,RNG1NA
2646,16.05.2026,34,40,42,45,56,58,52,RNG3NA
2647,20.05.2026,24,04,58,13,12,01,53,RNG3NA
2648,23.05.2026,45,53,47,39,49,33,34,RNG3NA
